i,q,p_L
30,0.0,0.6434302428331836
30,0.05,0.6433789834873501
30,0.1,0.6431024330909568
30,0.15,0.6427752946064214
30,0.2,0.6425975589129324
30,0.25,0.6419243869457317
30,0.3,0.6418307523145108
30,0.35,0.6411762399868152
30,0.4,0.6408169944964001
30,0.45,0.6396610885477066
30,0.5,0.6391831857511959
30,0.55,0.6382792103488059
30,0.6,0.6378828885545745
30,0.65,0.6373450392884378
30,0.7,0.6369270545939315
30,0.75,0.6363299820894909
30,0.8,0.6356087037777789
30,0.85,0.6341858991547978
30,0.9,0.6334187363675705
30,0.95,0.6323698672759509
30,1.0,0.6300391915045426
30,1.05,0.6301561777071043
30,1.1,0.6296423208496351
30,1.15,0.628219471345916
30,1.2,0.6269334546097116
30,1.25,0.6260714512958729
30,1.3,0.6247576774752847
30,1.35,0.623903566209344
30,1.4,0.6258848124675221
30,1.45,0.6211979808167614
30,1.5,0.6199248225959078
30,1.55,0.6181012531348086
30,1.6,0.6164317495586645
30,1.65,0.615335309154326
30,1.7,0.6134097914496542
30,1.75,0.6115702535159565
30,1.8,0.6101383514499242
30,1.85,0.608800217098012
30,1.9,0.6067251067259998
30,1.95,0.6049189639705411
30,2.0,0.6011352400876301
30,2.05,0.6008526545020089
30,2.1,0.598847080002889
30,2.15,0.5965927093712856
30,2.2,0.5948317795905907
30,2.25,0.5925122974883698
30,2.3,0.5903423991769102
30,2.35,0.5885039122243018
30,2.4,0.5857888336503754
30,2.45,0.5834802899219099
30,2.5,0.5813369326099045
30,2.55,0.5791871113379253
30,2.6,0.5772460574557875
30,2.65,0.5742730103797561
30,2.7,0.571605066968341
30,2.75,0.5695858712327027
30,2.8,0.5674244672711274
30,2.85,0.5660890196450542
30,2.9,0.5628598024154865
30,2.95,0.5610878598270919
35,0.0,0.6264116673984653
35,0.05,0.6264368067356746
35,0.1,0.6260839955287734
35,0.15,0.6253566148737753
35,0.2,0.6253091053189939
35,0.25,0.6251907705325596
35,0.3,0.6245906420136664
35,0.35,0.6239014534303121
35,0.4,0.6232109032413397
35,0.45,0.6228333081949119
35,0.5,0.621960732243869
35,0.55,0.6205418218570192
35,0.6,0.6200332253539852
35,0.65,0.6197006012270405
35,0.7,0.6186073325120385
35,0.75,0.6177494522775344
35,0.8,0.616811955676357
35,0.85,0.6159735355101991
35,0.9,0.6152439362950389
35,0.95,0.6133152991159404
35,1.0,0.6106501242920476
35,1.05,0.6110669375519778
35,1.1,0.6093665729660256
35,1.15,0.6080430721090474
35,1.2,0.6068929270013277
35,1.25,0.6056905164935272
35,1.3,0.603924878859063
35,1.35,0.60244920103469
35,1.4,0.600649873088677
35,1.45,0.5993004867201017
35,1.5,0.5975801761346226
35,1.55,0.5954466260777552
35,1.6,0.5934235989136454
35,1.65,0.5916507001148742
35,1.7,0.589759954479472
35,1.75,0.587439078869238
35,1.8,0.5848397138015077
35,1.85,0.5833087905303448
35,1.9,0.580599102612535
35,1.95,0.5789640937533189
35,2.0,0.5750055024535828
35,2.05,0.5737718425182907
35,2.1,0.5713591366569574
35,2.15,0.5686790173710937
35,2.2,0.5658259732145885
35,2.25,0.5634184694757438
35,2.3,0.5605294427227508
35,2.35,0.5577996420673538
35,2.4,0.5549216109310964
35,2.45,0.5527880236417335
35,2.5,0.5500241346800185
35,2.55,0.5474654726984457
35,2.6,0.5444958358099853
35,2.65,0.5411544224755783
35,2.7,0.5388436190498204
35,2.75,0.5366351673989656
35,2.8,0.5332840882355271
35,2.85,0.5322178934196257
35,2.9,0.5293513602878203
35,2.95,0.5279684540780814
40,0.0,0.6145899818859872
40,0.05,0.6144966193580224
40,0.1,0.6146404347439123
40,0.15,0.6138813309245659
40,0.2,0.61300235973193
40,0.25,0.6130648649476321
40,0.3,0.6126152542977589
40,0.35,0.611559745837971
40,0.4,0.6111692592230801
40,0.45,0.6102069213968263
40,0.5,0.6098670519622544
40,0.55,0.6078643642076337
40,0.6,0.6072886508522579
40,0.65,0.6068755972005252
40,0.7,0.6059578014772357
40,0.75,0.604780670444154
40,0.8,0.6040737213726158
40,0.85,0.6028026326877821
40,0.9,0.6014290607782679
40,0.95,0.6000627529375694
40,1.0,0.5966631419991659
40,1.05,0.5968628082937368
40,1.1,0.5951424400364554
40,1.15,0.5935508166907116
40,1.2,0.5924754821950499
40,1.25,0.5906070459760456
40,1.3,0.5887038860528653
40,1.35,0.5863905128339741
40,1.4,0.5851206790644927
40,1.45,0.5828069671405437
40,1.5,0.5809336163011279
40,1.55,0.5777692823776314
40,1.6,0.5753226464877346
40,1.65,0.5736494637779254
40,1.7,0.5712494709997614
40,1.75,0.5689799689562708
40,1.8,0.5665431648692806
40,1.85,0.5639857467191184
40,1.9,0.5611171496831137
40,1.95,0.558596489290763
40,2.0,0.5529570223102338
40,2.05,0.5525650471478715
40,2.1,0.5491026708184653
40,2.15,0.5468890849832524
40,2.2,0.5433913394230776
40,2.25,0.5404650366057859
40,2.3,0.537523184256724
40,2.35,0.5344570552712008
40,2.4,0.5309257598668171
40,2.45,0.5277897163755138
40,2.5,0.5254267874528761
40,2.55,0.5221123728799287
40,2.6,0.518823426743074
40,2.65,0.516153383984986
40,2.7,0.512303122316348
40,2.75,0.510096773311435
40,2.8,0.5063891670833137
40,2.85,0.50570462118822
40,2.9,0.5031250001406803
40,2.95,0.4996367987056607
45,0.0,0.6014321444731522
45,0.05,0.6014865981361519
45,0.1,0.6008537380563329
45,0.15,0.6002068766685614
45,0.2,0.5999566592508634
45,0.25,0.5991470909031644
45,0.3,0.5986163471236188
45,0.35,0.5976679249345856
45,0.4,0.5966391530463818
45,0.45,0.5959430856106879
45,0.5,0.5952880010508184
45,0.55,0.5946973616496836
45,0.6,0.593649054000884
45,0.65,0.59216445192524
45,0.7,0.5912553082190335
45,0.75,0.5897483159967308
45,0.8,0.5889298073819776
45,0.85,0.5876826131969726
45,0.9,0.585914113680888
45,0.95,0.5841734575977766
45,1.0,0.5809376921425133
45,1.05,0.580921820186494
45,1.1,0.5793823772701269
45,1.15,0.5773980653352637
45,1.2,0.5754011044940032
45,1.25,0.573256703493748
45,1.3,0.5719714903012044
45,1.35,0.5691108329881266
45,1.4,0.5664553340271724
45,1.45,0.5646868915261363
45,1.5,0.5627250098375208
45,1.55,0.559879634727036
45,1.6,0.556332600723252
45,1.65,0.5585606664635008
45,1.7,0.5510462936954288
45,1.75,0.5482963971575431
45,1.8,0.5454900256800378
45,1.85,0.5422232756133383
45,1.9,0.5388987136568038
45,1.95,0.5358950321224721
45,2.0,0.5307891049766282
45,2.05,0.529193827076413
45,2.1,0.5259217638822425
45,2.15,0.5225887151693124
45,2.2,0.5190500554917933
45,2.25,0.5151044562986383
45,2.3,0.5122324820378639
45,2.35,0.5081835616612932
45,2.4,0.5053114338147382
45,2.45,0.5020419477438827
45,2.5,0.49848521531874807
45,2.55,0.4946067859888365
45,2.6,0.4921330733751668
45,2.65,0.4889290780223251
45,2.7,0.4861596478147886
45,2.75,0.4819560342343417
45,2.8,0.4792495498294033
45,2.85,0.4774741446147632
45,2.9,0.47479001034597546
45,2.95,0.47154047530236465
50,0.0,0.5913017675584366
50,0.05,0.5911813121780899
50,0.1,0.5907345584175107
50,0.15,0.5902592399613085
50,0.2,0.5892665718856949
50,0.25,0.5893104630097613
50,0.3,0.588413166326803
50,0.35,0.5878222702214054
50,0.4,0.5862644134278315
50,0.45,0.5857443845257453
50,0.5,0.5850984734718133
50,0.55,0.5841121403472219
50,0.6,0.5822637106912828
50,0.65,0.5814870020433636
50,0.7,0.5798613940755712
50,0.75,0.5786653677797536
50,0.8,0.5774365478460358
50,0.85,0.5766247299035567
50,0.9,0.574450964866102
50,0.95,0.5730106549935179
50,1.0,0.5691798541926831
50,1.05,0.568240572658002
50,1.1,0.5669841643693179
50,1.15,0.564681053573101
50,1.2,0.5621326214645272
50,1.25,0.5601548375994432
50,1.3,0.557662495784574
50,1.35,0.5546681552350258
50,1.4,0.5528097293692141
50,1.45,0.5500382162898035
50,1.5,0.5473877392867476
50,1.55,0.5442473767851641
50,1.6,0.5411888223558325
50,1.65,0.5376633552548623
50,1.7,0.5344199428903693
50,1.75,0.5314467021021757
50,1.8,0.5285880771282351
50,1.85,0.5241607359258833
50,1.9,0.5211079600882644
50,1.95,0.5176654127681817
50,2.0,0.5128727062934654
50,2.05,0.5099337734959095
50,2.1,0.5060012798941993
50,2.15,0.502170482958847
50,2.2,0.49915683530637306
50,2.25,0.49545870593257396
50,2.3,0.4914404226951664
50,2.35,0.48765317226483323
50,2.4,0.48402755485905546
50,2.45,0.4803656171319562
50,2.5,0.4774230033641591
50,2.55,0.47382898673937107
50,2.6,0.4712582509271964
50,2.65,0.46822251339443965
50,2.7,0.4641122925483125
50,2.75,0.46085275025808725
50,2.8,0.45761483943538916
50,2.85,0.45513734122377353
50,2.9,0.45254048113833845
50,2.95,0.44886032218280675
55,0.0,0.5822969285783162
55,0.05,0.5818607728499526
55,0.1,0.5816106889976843
55,0.15,0.5804566893166797
55,0.2,0.5802242014199869
55,0.25,0.5796131694299901
55,0.3,0.5785675133896644
55,0.35,0.5775817462135986
55,0.4,0.5771119598551292
55,0.45,0.576041783933872
55,0.5,0.5754726083031099
55,0.55,0.5739829725065759
55,0.6,0.5716405197340311
55,0.65,0.570950738131126
55,0.7,0.5701089746026479
55,0.75,0.5673120888447295
55,0.8,0.5668832220111971
55,0.85,0.5653971140823859
55,0.9,0.5639185286645149
55,0.95,0.5619626797843439
55,1.0,0.5574710493126654
55,1.05,0.5565383033337653
55,1.1,0.5545515737243587
55,1.15,0.5522824043801112
55,1.2,0.5502426773928516
55,1.25,0.5477578998731404
55,1.3,0.5452713274881482
55,1.35,0.5422456072625381
55,1.4,0.5392059046844145
55,1.45,0.535707720604284
55,1.5,0.5336804656759331
55,1.55,0.5297988717415125
55,1.6,0.5261513121039975
55,1.65,0.5224240778181245
55,1.7,0.5194331343624142
55,1.75,0.5154454936900191
55,1.8,0.5120840741318976
55,1.85,0.5083168087689974
55,1.9,0.5043291978247946
55,1.95,0.49959837223907183
55,2.0,0.4953683535082452
55,2.05,0.49201691775321915
55,2.1,0.48791874380177586
55,2.15,0.48409291206718186
55,2.2,0.4798633211938879
55,2.25,0.4757869250686088
55,2.3,0.4726100223820837
55,2.35,0.46912006542746953
55,2.4,0.4650752515226326
55,2.45,0.4614656574353434
55,2.5,0.457255841478778
55,2.55,0.4543169163375681
55,2.6,0.4509015686076517
55,2.65,0.44836341901014226
55,2.7,0.44481005573090904
55,2.75,0.4407965962721411
55,2.8,0.4376800490253972
55,2.85,0.4365279909174868
55,2.9,0.43366511593663964
55,2.95,0.4295053067007717
60,0.0,0.5735969235975464
60,0.05,0.5726572986764301
60,0.1,0.5721235164694394
60,0.15,0.5708016218719044
60,0.2,0.570905081074531
60,0.25,0.5698778881121828
60,0.3,0.5694573758800099
60,0.35,0.5682276426167591
60,0.4,0.5669639029631252
60,0.45,0.5664257429855192
60,0.5,0.565674672698903
60,0.55,0.5640792687856763
60,0.6,0.5614111137635838
60,0.65,0.5609459580270474
60,0.7,0.5591545433600477
60,0.75,0.5573281782238965
60,0.8,0.5560402479368374
60,0.85,0.5548194461085402
60,0.9,0.5529487633309658
60,0.95,0.5506112999763415
60,1.0,0.5456851767344959
60,1.05,0.5450005632759345
60,1.1,0.5421626069796295
60,1.15,0.5403321367866079
60,1.2,0.5379599494538951
60,1.25,0.5353545591946568
60,1.3,0.5317735932826929
60,1.35,0.5288673055529617
60,1.4,0.5256982816794277
60,1.45,0.5215479837703025
60,1.5,0.5192757446252216
60,1.55,0.5160082825565754
60,1.6,0.5109332888805558
60,1.65,0.5079297072815386
60,1.7,0.5035674689372062
60,1.75,0.49940505697173576
60,1.8,0.4957369429294288
60,1.85,0.491408512216421
60,1.9,0.48698891205349554
60,1.95,0.4824431081113815
60,2.0,0.4776223005173592
60,2.05,0.4747034977673203
60,2.1,0.47046339014908783
60,2.15,0.4662684662249708
60,2.2,0.461832563355974
60,2.25,0.4573947637338413
60,2.3,0.4538619740000831
60,2.35,0.44965731214003596
60,2.4,0.44590133976987417
60,2.45,0.44286342522862626
60,2.5,0.4385168577398864
60,2.55,0.4350306544516757
60,2.6,0.43158490604246574
60,2.65,0.42883994056600155
60,2.7,0.42538839760813785
60,2.75,0.42157991221723545
60,2.8,0.41829806582104123
60,2.85,0.41623090983222405
60,2.9,0.41369861482342585
60,2.95,0.410398952173001
65,0.0,0.5628880857082024
65,0.05,0.5617797156030669
65,0.1,0.5608040692648996
65,0.15,0.56039999604974
65,0.2,0.559633377580566
65,0.25,0.5589004894030787
65,0.3,0.5579879406316147
65,0.35,0.5572529376520953
65,0.4,0.5561050978491084
65,0.45,0.5545285958832806
65,0.5,0.5535229874538267
65,0.55,0.5522929797805072
65,0.6,0.5501929739167468
65,0.65,0.5486481911216113
65,0.7,0.5478651520959943
65,0.75,0.545239206714441
65,0.8,0.5433426728456437
65,0.85,0.5421143081826985
65,0.9,0.5402047828176032
65,0.95,0.5379861999193418
65,1.0,0.5325640886012201
65,1.05,0.5319532270685795
65,1.1,0.5285474741860358
65,1.15,0.5262984648279929
65,1.2,0.5238202089188602
65,1.25,0.5197195852906001
65,1.3,0.5170693090996038
65,1.35,0.513591296270645
65,1.4,0.5100904099112501
65,1.45,0.5061447798180494
65,1.5,0.5026920628294592
65,1.55,0.4990504007661629
65,1.6,0.49439384737475134
65,1.65,0.4899577490357521
65,1.7,0.48536414798722227
65,1.75,0.4810037032875559
65,1.8,0.47723127462546966
65,1.85,0.47259466125917854
65,1.9,0.4675289638091936
65,1.95,0.46408862513135374
65,2.0,0.45759545203659396
65,2.05,0.4544411653010222
65,2.1,0.44999395619951305
65,2.15,0.4452781872081661
65,2.2,0.4409714728136253
65,2.25,0.43714658473456697
65,2.3,0.43363147110289557
65,2.35,0.4289318725791924
65,2.4,0.4249671759765694
65,2.45,0.4212706786960971
65,2.5,0.4187260897817776
65,2.55,0.41493716648034745
65,2.6,0.4115371869184102
65,2.65,0.4078969393554638
65,2.7,0.40491086564634454
65,2.75,0.4016983998025195
65,2.8,0.39915859611654475
65,2.85,0.39706703198915755
65,2.9,0.39357677979715233
65,2.95,0.38962435502838605
70,0.0,0.5550508299539745
70,0.05,0.5538454851167692
70,0.1,0.5531259950738413
70,0.15,0.5531192103998906
70,0.2,0.5522413049246706
70,0.25,0.5512839834910812
70,0.3,0.5504472768416028
70,0.35,0.5492346461869123
70,0.4,0.5482001384256837
70,0.45,0.5467890880664856
70,0.5,0.5457496372193474
70,0.55,0.5446076176861814
70,0.6,0.5417723335262534
70,0.65,0.5398551975421021
70,0.7,0.5385726939692984
70,0.75,0.5365155131526741
70,0.8,0.5342754303832118
70,0.85,0.5319911736023654
70,0.9,0.5307327363860839
70,0.95,0.5285713830355843
70,1.0,0.5221925826473218
70,1.05,0.5217365840695426
70,1.1,0.5185329515565423
70,1.15,0.5160796704346013
70,1.2,0.5124200330543816
70,1.25,0.5090971671305569
70,1.3,0.506198818778164
70,1.35,0.5021042831835297
70,1.4,0.4985851837906238
70,1.45,0.49451942534204674
70,1.5,0.48974633614924706
70,1.55,0.48683035322968354
70,1.6,0.4817655532946746
70,1.65,0.476591161979285
70,1.7,0.4717511103022039
70,1.75,0.4670563671650834
70,1.8,0.46245351644439087
70,1.85,0.45746159811895704
70,1.9,0.45312141678500534
70,1.95,0.4484452689211578
70,2.0,0.4424064904048822
70,2.05,0.4390242464886702
70,2.1,0.4344025759965478
70,2.15,0.4309517840050832
70,2.2,0.42609511360475727
70,2.25,0.42314345650096774
70,2.3,0.4186097499123367
70,2.35,0.4141188995678859
70,2.4,0.409989238399216
70,2.45,0.40638901718308745
70,2.5,0.4039395917094136
70,2.55,0.4001020537029333
70,2.6,0.3970027140464791
70,2.65,0.393388711559266
70,2.7,0.3907489008145933
70,2.75,0.3862374304008444
70,2.8,0.38442069123232325
70,2.85,0.3827058508610684
70,2.9,0.3801349411934776
70,2.95,0.3759459120380491
75,0.0,0.5516458099683242
75,0.05,0.550371035335571
75,0.1,0.5499658101926712
75,0.15,0.5494767649445559
75,0.2,0.5485256952669629
75,0.25,0.5478913988765916
75,0.3,0.5465773251401955
75,0.35,0.5456101939287881
75,0.4,0.5447119086472899
75,0.45,0.5425776168052995
75,0.5,0.5413253693046769
75,0.55,0.5404255468414924
75,0.6,0.5376948472015929
75,0.65,0.5355205775830016
75,0.7,0.5343322260943717
75,0.75,0.5322753461792998
75,0.8,0.5303624504926658
75,0.85,0.5276310194648054
75,0.9,0.526297118054944
75,0.95,0.523752129663726
75,1.0,0.5188520760080955
75,1.05,0.5156590920654175
75,1.1,0.5129777208646586
75,1.15,0.5092593745899805
75,1.2,0.5073734284350221
75,1.25,0.5028798987130242
75,1.3,0.49898636353420683
75,1.35,0.4950635856802688
75,1.4,0.49100954655743684
75,1.45,0.48660510293266196
75,1.5,0.48174900117286185
75,1.55,0.47748357096605826
75,1.6,0.47291579319532795
75,1.65,0.467089976892442
75,1.7,0.46260021930620365
75,1.75,0.4583598956242465
75,1.8,0.453899955430119
75,1.85,0.4478749015903432
75,1.9,0.44327843561103714
75,1.95,0.4384931599624714
75,2.0,0.4330790264570865
75,2.05,0.4294336313600251
75,2.1,0.42480686633936743
75,2.15,0.42070806967859875
75,2.2,0.41600147759929396
75,2.25,0.41275037583529806
75,2.3,0.40878006609920664
75,2.35,0.4037722697621952
75,2.4,0.4001221883919976
75,2.45,0.3982196523593652
75,2.5,0.39448877503334995
75,2.55,0.39008962537725594
75,2.6,0.3879522418731751
75,2.65,0.38470237127155676
75,2.7,0.3822956719124832
75,2.75,0.3772681779658294
75,2.8,0.37521099123082685
75,2.85,0.3726658163149062
75,2.9,0.3695052138079575
75,2.95,0.36725221767730504
80,0.0,0.5427767954950884
80,0.05,0.5414667568599987
80,0.1,0.5402652156166946
80,0.15,0.5406356307066436
80,0.2,0.5392633225156208
80,0.25,0.5378549124723025
80,0.3,0.5367101694876529
80,0.35,0.5361208853251757
80,0.4,0.5350918692844823
80,0.45,0.5330987159376275
80,0.5,0.5322566285634709
80,0.55,0.5306437175233427
80,0.6,0.5274613816237346
80,0.65,0.5251742645590954
80,0.7,0.5243662025970537
80,0.75,0.5206790022150182
80,0.8,0.5194793914315369
80,0.85,0.5163460415376664
80,0.9,0.5153107998198616
80,0.95,0.5122566859769374
80,1.0,0.5058858967568837
80,1.05,0.504327389830357
80,1.1,0.5003330238488071
80,1.15,0.4971794824507264
80,1.2,0.49373401967846114
80,1.25,0.4896444753411932
80,1.3,0.48553351869877365
80,1.35,0.48140276701643686
80,1.4,0.4768615414229713
80,1.45,0.47229170117071273
80,1.5,0.46816823263141394
80,1.55,0.4628718106521396
80,1.6,0.45775198797806915
80,1.65,0.45204078979869117
80,1.7,0.44772853238837723
80,1.75,0.44240219443783946
80,1.8,0.43649528956455674
80,1.85,0.4319946042904927
80,1.9,0.4278088415497333
80,1.95,0.4224438443560577
80,2.0,0.4166412170504695
80,2.05,0.41270487755068935
80,2.1,0.40840633623111494
80,2.15,0.40409374003554854
80,2.2,0.39987002211025197
80,2.25,0.3955594540630513
80,2.3,0.3926066304778196
80,2.35,0.3882327669872327
80,2.4,0.385126236892311
80,2.45,0.38226030332036226
80,2.5,0.37798914289757474
80,2.55,0.37467514474043734
80,2.6,0.37159438960798397
80,2.65,0.3689387860823798
80,2.7,0.3669273301598143
80,2.75,0.3631942056282734
80,2.8,0.35972393795452345
80,2.85,0.35766146647484093
80,2.9,0.3553800845104302
80,2.95,0.35200454671059517
85,0.0,0.5371099027765498
85,0.05,0.5365918842091386
85,0.1,0.5353704256128955
85,0.15,0.53404785077459
85,0.2,0.532952116243585
85,0.25,0.5324340138577465
85,0.3,0.5314469999229693
85,0.35,0.5294685939442859
85,0.4,0.528912797453333
85,0.45,0.527125244349351
85,0.5,0.5263854265366741
85,0.55,0.5246936815716899
85,0.6,0.5210390044488425
85,0.65,0.5185624128465023
85,0.7,0.5165669633073352
85,0.75,0.5142644818249403
85,0.8,0.5125282299380843
85,0.85,0.5095740433643005
85,0.9,0.5078599365630101
85,0.95,0.5051495536477242
85,1.0,0.49907484088516185
85,1.05,0.49617423897713253
85,1.1,0.49354851477518846
85,1.15,0.49007214299049834
85,1.2,0.48593745676420613
85,1.25,0.48131629811361376
85,1.3,0.47793016216528256
85,1.35,0.4721955581795542
85,1.4,0.4672154910312752
85,1.45,0.46282196912580814
85,1.5,0.4577827417110568
85,1.55,0.45262521821587554
85,1.6,0.447033102378139
85,1.65,0.4423737576247902
85,1.7,0.4369933763918795
85,1.75,0.43078193896649963
85,1.8,0.42597930298687714
85,1.85,0.42087605138448436
85,1.9,0.41655691182466964
85,1.95,0.4118544377876863
85,2.0,0.4058475375729001
85,2.05,0.40230276014532923
85,2.1,0.39796989357543183
85,2.15,0.39372132415143823
85,2.2,0.3903710875754737
85,2.25,0.3856743695613039
85,2.3,0.3820774455915402
85,2.35,0.377761658216463
85,2.4,0.3751975846769892
85,2.45,0.3722298379615941
85,2.5,0.36854098663802043
85,2.55,0.36478958442385384
85,2.6,0.36194695789688314
85,2.65,0.3589319381277957
85,2.7,0.3571157528983563
85,2.75,0.3534070047220542
85,2.8,0.3503050397002621
85,2.85,0.34773715556613594
85,2.9,0.344835449258497
85,2.95,0.3419867018422051
90,0.0,0.5288148827600919
90,0.05,0.528293303800126
90,0.1,0.5269944464362007
90,0.15,0.5252706943950277
90,0.2,0.5249113305667042
90,0.25,0.5244788946022381
90,0.3,0.5229278673724289
90,0.35,0.5213325143597977
90,0.4,0.5197273733749804
90,0.45,0.5181362962529505
90,0.5,0.5167362509829456
90,0.55,0.5157870872415645
90,0.6,0.512038444307042
90,0.65,0.5106418500302515
90,0.7,0.5086255715375141
90,0.75,0.5050806288571632
90,0.8,0.5031633334149146
90,0.85,0.4997202400931199
90,0.9,0.4978423428742832
90,0.95,0.495793579986128
90,1.0,0.4879632483031035
90,1.05,0.4864489331469615
90,1.1,0.48240039558069403
90,1.15,0.47862451033881886
90,1.2,0.474973254851986
90,1.25,0.468924771256115
90,1.3,0.46525788310461846
90,1.35,0.4602803333683063
90,1.4,0.45569873958821
90,1.45,0.4497521395287162
90,1.5,0.4454149098373539
90,1.55,0.4398294923373302
90,1.6,0.43319431450103985
90,1.65,0.4276044676326501
90,1.7,0.4224088751371614
90,1.75,0.417522853116719
90,1.8,0.4122166534390458
90,1.85,0.4061754434307601
90,1.9,0.4018857967685988
90,1.95,0.39701851107832387
90,2.0,0.3917995965250841
90,2.05,0.3877332063465032
90,2.1,0.38366065429465296
90,2.15,0.37952429813457605
90,2.2,0.37564382593493806
90,2.25,0.37102927141994796
90,2.3,0.36791608603904624
90,2.35,0.36468845481833706
90,2.4,0.36086812832477916
90,2.45,0.35695040656348676
90,2.5,0.3547572779057138
90,2.55,0.3500423559972816
90,2.6,0.34717978802691507
90,2.65,0.3451922074475099
90,2.7,0.3438002540782084
90,2.75,0.3390054760416709
90,2.8,0.3364513304865535
90,2.85,0.33489993475407004
90,2.9,0.3322205493244946
90,2.95,0.3283915336132069
95,0.0,0.5242344356531717
95,0.05,0.522944627356995
95,0.1,0.5213610045421642
95,0.15,0.5212869935973056
95,0.2,0.5198437698744623
95,0.25,0.5192775670463654
95,0.3,0.5174302968881271
95,0.35,0.5155349276455807
95,0.4,0.5146970641470003
95,0.45,0.5124013748839182
95,0.5,0.5112550981185345
95,0.55,0.5097820006277967
95,0.6,0.5067555882154653
95,0.65,0.5041076346766743
95,0.7,0.5021590623484119
95,0.75,0.4990451344189807
95,0.8,0.4970497701804729
95,0.85,0.4921527702525244
95,0.9,0.49112078883858395
95,0.95,0.4882094274925735
95,1.0,0.48150654030498224
95,1.05,0.4787045368770841
95,1.1,0.47501898403631143
95,1.15,0.4706567116646835
95,1.2,0.46633357305291206
95,1.25,0.4617017548254965
95,1.3,0.4574698562160905
95,1.35,0.4524165758969775
95,1.4,0.4469721465801208
95,1.45,0.44069475967289734
95,1.5,0.4363762875317075
95,1.55,0.43069389462449154
95,1.6,0.4235776738374004
95,1.65,0.41875604058235627
95,1.7,0.4131217763856697
95,1.75,0.40759775081475347
95,1.8,0.4025801402476801
95,1.85,0.3972004689325644
95,1.9,0.39208209717075687
95,1.95,0.3874756444412205
95,2.0,0.38244449460102714
95,2.05,0.3774243055079718
95,2.1,0.37515811078438227
95,2.15,0.3710159678807252
95,2.2,0.3662618930037649
95,2.25,0.36313710941050814
95,2.3,0.3588003153344144
95,2.35,0.35560790688428495
95,2.4,0.3527009664466301
95,2.45,0.34868373838627226
95,2.5,0.3452401532916487
95,2.55,0.34281540494797225
95,2.6,0.3394307384057934
95,2.65,0.33644593846687687
95,2.7,0.33564606231070965
95,2.75,0.33128527095638016
95,2.8,0.3297159499550541
95,2.85,0.3278620655384863
95,2.9,0.3261831285209631
95,2.95,0.32330510025889964
100,0.0,0.5179566456407592
100,0.05,0.5170027615417219
100,0.1,0.5162963161344087
100,0.15,0.5148623534355689
100,0.2,0.5140726101142393
100,0.25,0.5128744321599534
100,0.3,0.5115832380594407
100,0.35,0.5099065757515647
100,0.4,0.5096994654668503
100,0.45,0.5065826764427136
100,0.5,0.5049507009850899
100,0.55,0.5036121064578225
100,0.6,0.4994758006661568
100,0.65,0.4972472820416621
100,0.7,0.49530322870628407
100,0.75,0.4921054444292957
100,0.8,0.48941110171008695
100,0.85,0.48610303256542897
100,0.9,0.4829535601994098
100,0.95,0.4805459054118328
100,1.0,0.474078319689445
100,1.05,0.4702376734111877
100,1.1,0.46712304710429814
100,1.15,0.46158359019570605
100,1.2,0.4575910603860324
100,1.25,0.4530615722946431
100,1.3,0.44777672047530487
100,1.35,0.4412871625977622
100,1.4,0.436808105488935
100,1.45,0.4306375025704541
100,1.5,0.4255972352066011
100,1.55,0.42014371100359515
100,1.6,0.4134390560321536
100,1.65,0.4078864013092631
100,1.7,0.4028320077482298
100,1.75,0.3964387168885818
100,1.8,0.39272814803835027
100,1.85,0.3856272199844594
100,1.9,0.38116443710660614
100,1.95,0.3762202535853671
100,2.0,0.3715912805612347
100,2.05,0.3682316140094063
100,2.1,0.36404168908913187
100,2.15,0.3608827063518661
100,2.2,0.3572095097279822
100,2.25,0.35209795564360996
100,2.3,0.3490806539650751
100,2.35,0.3453231753349265
100,2.4,0.34162824907540035
100,2.45,0.33855213992443006
100,2.5,0.3361685871861963
100,2.55,0.33224530930038393
100,2.6,0.32852132622996083
100,2.65,0.3264436512297311
100,2.7,0.3277269374457745
100,2.75,0.32291680390195937
100,2.8,0.31967330928825927
100,2.85,0.3180456494811493
100,2.9,0.31505378517243293
100,2.95,0.3135817206161156
105,0.0,0.5129594609959122
105,0.05,0.5104260628831584
105,0.1,0.5102882885452263
105,0.15,0.509141715915771
105,0.2,0.508096478474108
105,0.25,0.5070414322402553
105,0.3,0.5056729699532326
105,0.35,0.5045308923252046
105,0.4,0.5028452402638958
105,0.45,0.5005201004053995
105,0.5,0.49871043334502335
105,0.55,0.4969467168600991
105,0.6,0.4934917602394246
105,0.65,0.49091728102239157
105,0.7,0.4883832003559011
105,0.75,0.4855659498498763
105,0.8,0.4827994800004679
105,0.85,0.47886710494159734
105,0.9,0.4750882746588312
105,0.95,0.4737374401563002
105,1.0,0.4666242360760773
105,1.05,0.46333230522643254
105,1.1,0.4577955311810271
105,1.15,0.4528853333250103
105,1.2,0.4490789142494818
105,1.25,0.443602197978098
105,1.3,0.4386797386825117
105,1.35,0.4326023085123092
105,1.4,0.42727423428274075
105,1.45,0.42086871535965215
105,1.5,0.41526950385577865
105,1.55,0.40928113527275123
105,1.6,0.404409909253162
105,1.65,0.39723275239887545
105,1.7,0.39188652033379257
105,1.75,0.386160918072669
105,1.8,0.38139704227685706
105,1.85,0.3755522158609844
105,1.9,0.37183716340946865
105,1.95,0.36662887467407346
105,2.0,0.3620017828424301
105,2.05,0.35756426875647723
105,2.1,0.35276359885171266
105,2.15,0.3501918035561094
105,2.2,0.34727530658965794
105,2.25,0.342052697884282
105,2.3,0.33934049146011397
105,2.35,0.33621212200993955
105,2.4,0.3330337893699535
105,2.45,0.329909043312945
105,2.5,0.32699802951311835
105,2.55,0.3234608374845487
105,2.6,0.32057706015741505
105,2.65,0.3184595172683681
105,2.7,0.316951954449734
105,2.75,0.3136099060366244
105,2.8,0.31156639596884705
105,2.85,0.3093326088427042
105,2.9,0.3070919047580903
105,2.95,0.30333732949187353
110,0.0,0.5078339198849985
110,0.05,0.5057153329077643
110,0.1,0.5050731309518228
110,0.15,0.5033142629478583
110,0.2,0.503279570443488
110,0.25,0.5024462448560103
110,0.3,0.5009223266433505
110,0.35,0.49869856707998095
110,0.4,0.49779666391902244
110,0.45,0.49471234317684704
110,0.5,0.4939019070856031
110,0.55,0.4917178276818572
110,0.6,0.48799151373836286
110,0.65,0.4850938634972883
110,0.7,0.4826750218887449
110,0.75,0.4792612915104709
110,0.8,0.476441766859858
110,0.85,0.47219937444560983
110,0.9,0.4693312031822502
110,0.95,0.4674827853084834
110,1.0,0.4601141511081955
110,1.05,0.45603101043976707
110,1.1,0.4510287676375682
110,1.15,0.44622463803520507
110,1.2,0.441245427105398
110,1.25,0.4356348041294348
110,1.3,0.43008281080073474
110,1.35,0.4235844639521524
110,1.4,0.41852118126061694
110,1.45,0.41227944392374655
110,1.5,0.40668847033458977
110,1.55,0.4009015210441619
110,1.6,0.3945762309260128
110,1.65,0.38854634711804964
110,1.7,0.3824942117216601
110,1.75,0.3766879288668357
110,1.8,0.3730119277373784
110,1.85,0.36762183362206347
110,1.9,0.36249875825175437
110,1.95,0.3587997938944495
110,2.0,0.35307541516228547
110,2.05,0.3505071045590951
110,2.1,0.3449329629185668
110,2.15,0.34200151049758754
110,2.2,0.33922131926038623
110,2.25,0.3354657167367356
110,2.3,0.33171950918622206
110,2.35,0.3291663844712148
110,2.4,0.3253926172148609
110,2.45,0.32313439314587056
110,2.5,0.32045924267227394
110,2.55,0.31593229943817247
110,2.6,0.3140800113398405
110,2.65,0.3123521840708298
110,2.7,0.31097819685610234
110,2.75,0.3072942424192783
110,2.8,0.3053479239131073
110,2.85,0.3021107219005239
110,2.9,0.3006866760313134
110,2.95,0.297439758087892
115,0.0,0.5023758969528727
115,0.05,0.5004436249721442
115,0.1,0.5000859940147194
115,0.15,0.49817332990158203
115,0.2,0.49767890516926006
115,0.25,0.49664478425471376
115,0.3,0.4953683905518438
115,0.35,0.4933461396195155
115,0.4,0.4923099817049896
115,0.45,0.48881982885903075
115,0.5,0.48702205860989206
115,0.55,0.4862900039421962
115,0.6,0.48139207783344223
115,0.65,0.4789648718066937
115,0.7,0.47615355992138336
115,0.75,0.4730646635014651
115,0.8,0.4697502837157975
115,0.85,0.4657149977149148
115,0.9,0.4627554058726463
115,0.95,0.4602311896310517
115,1.0,0.4524045252063008
115,1.05,0.44836135123394183
115,1.1,0.4433498286214247
115,1.15,0.43874726716766405
115,1.2,0.4330269809819932
115,1.25,0.42737086566989424
115,1.3,0.4217461400759427
115,1.35,0.4151710867824604
115,1.4,0.41019787593591056
115,1.45,0.4037389870917401
115,1.5,0.3967724407052133
115,1.55,0.3917366175869681
115,1.6,0.3848275636947334
115,1.65,0.37968669961213225
115,1.7,0.37469904029087175
115,1.75,0.3683091816710006
115,1.8,0.36392707108699923
115,1.85,0.359114184197031
115,1.9,0.35497901072425303
115,1.95,0.3493304158159814
115,2.0,0.3450363139571589
115,2.05,0.3417160362506137
115,2.1,0.33779100347077673
115,2.15,0.33424381020896055
115,2.2,0.33156731331466166
115,2.25,0.326995324435538
115,2.3,0.32412918666513674
115,2.35,0.3204833241052782
115,2.4,0.3167968849329742
115,2.45,0.3154079223530788
115,2.5,0.31252054146105823
115,2.55,0.30816627693530324
115,2.6,0.30592609263624176
115,2.65,0.30406929689299034
115,2.7,0.30291416113021213
115,2.75,0.29944095359834605
115,2.8,0.29758623132954376
115,2.85,0.2969745898092735
115,2.9,0.2941374787869293
115,2.95,0.29221204538611895
120,0.0,0.49983856102616403
120,0.05,0.49807932496549734
120,0.1,0.49682049225574815
120,0.15,0.49550618905999716
120,0.2,0.49492812088534965
120,0.25,0.4938358470538016
120,0.3,0.4917481946105779
120,0.35,0.4909458362038777
120,0.4,0.4875251672787698
120,0.45,0.48638413081352777
120,0.5,0.4843787087869442
120,0.55,0.482714931221166
120,0.6,0.47869588987433825
120,0.65,0.47594548567370376
120,0.7,0.47256416308800936
120,0.75,0.46911039904433494
120,0.8,0.4658925112071364
120,0.85,0.46190695735548903
120,0.9,0.4577939822019748
120,0.95,0.45564825493812283
120,1.0,0.4469320850374685
120,1.05,0.44433207831384225
120,1.1,0.4384239144237098
120,1.15,0.43349207825116737
120,1.2,0.42876254806858194
120,1.25,0.4218324913932435
120,1.3,0.41726247867116456
120,1.35,0.4096186368354867
120,1.4,0.4048374974075117
120,1.45,0.3988002816794716
120,1.5,0.39147323731101996
120,1.55,0.38647327444680213
120,1.6,0.37982216922361456
120,1.65,0.3739776868866923
120,1.7,0.3697730816481795
120,1.75,0.3635630423758633
120,1.8,0.3591847341977065
120,1.85,0.3548392840984289
120,1.9,0.34973403233606043
120,1.95,0.34512692180590204
120,2.0,0.34056557192481013
120,2.05,0.3384540919230653
120,2.1,0.33339217669486165
120,2.15,0.3300169602001309
120,2.2,0.32787599723327016
120,2.25,0.3235220114145302
120,2.3,0.3204946995456566
120,2.35,0.31768188533455355
120,2.4,0.31453744423475233
120,2.45,0.31213360624955777
120,2.5,0.3103657993047599
120,2.55,0.30628610526509437
120,2.6,0.30428224124785075
120,2.65,0.30198104672313353
120,2.7,0.3004151427172292
120,2.75,0.296689765392563
120,2.8,0.2951803281178807
120,2.85,0.2931292073832894
120,2.9,0.2915105651231434
120,2.95,0.28892753634604645
125,0.0,0.49400388621408764
125,0.05,0.49237302759786034
125,0.1,0.4916443954699818
125,0.15,0.4904207013162649
125,0.2,0.4884965702455591
125,0.25,0.48805046689444775
125,0.3,0.4868018167910188
125,0.35,0.4848182124848327
125,0.4,0.4825173482428573
125,0.45,0.47980352394677644
125,0.5,0.4784416347812643
125,0.55,0.4765658468299536
125,0.6,0.47196481302037147
125,0.65,0.4693239480660649
125,0.7,0.46564509279708144
125,0.75,0.46213500073409525
125,0.8,0.4589713328900243
125,0.85,0.45487616085138255
125,0.9,0.4505167750178657
125,0.95,0.4485190282910435
125,1.0,0.44027095079307055
125,1.05,0.4358000473431581
125,1.1,0.43027095998008597
125,1.15,0.4243984849334928
125,1.2,0.41923535289076563
125,1.25,0.4131283040518614
125,1.3,0.40690738893188094
125,1.35,0.4013609862998791
125,1.4,0.39476296096944996
125,1.45,0.3880609201229947
125,1.5,0.38230004610197243
125,1.55,0.37708595538294903
125,1.6,0.3697841979504751
125,1.65,0.36507076400449545
125,1.7,0.3601129779779216
125,1.75,0.3531971412939679
125,1.8,0.3496585740019428
125,1.85,0.3450256262699001
125,1.9,0.34088288182933424
125,1.95,0.33597162640690126
125,2.0,0.3319279666651235
125,2.05,0.32881004209853487
125,2.1,0.32458319819524883
125,2.15,0.3220266369723253
125,2.2,0.3186088914383794
125,2.25,0.31526094531577503
125,2.3,0.31199432113515385
125,2.35,0.30923532621804295
125,2.4,0.3068535162529549
125,2.45,0.30417563192714553
125,2.5,0.30168512217378785
125,2.55,0.2972895375917756
125,2.6,0.2955542835375152
125,2.65,0.29331769477398045
125,2.7,0.2930054021828089
125,2.75,0.28807681237836885
125,2.8,0.2875355350765125
125,2.85,0.28462449218577207
125,2.9,0.28458278459593805
125,2.95,0.28294097752614356
130,0.0,0.48860114585301545
130,0.05,0.4868295746378311
130,0.1,0.48506826016451743
130,0.15,0.4844911814697522
130,0.2,0.4832389809519665
130,0.25,0.4820735972825494
130,0.3,0.48059000218791104
130,0.35,0.4789280495899921
130,0.4,0.4775980014083206
130,0.45,0.47410511646698783
130,0.5,0.47148787223711225
130,0.55,0.4698092533900799
130,0.6,0.46557955932543443
130,0.65,0.4624528766764905
130,0.7,0.4592391452767757
130,0.75,0.45498435267868104
130,0.8,0.4523154604635207
130,0.85,0.4469957496096986
130,0.9,0.44321204588430607
130,0.95,0.4403688537081481
130,1.0,0.43191578984614176
130,1.05,0.4277343249625973
130,1.1,0.42215023795618806
130,1.15,0.4157320274496098
130,1.2,0.40969178235949827
130,1.25,0.4043022349041397
130,1.3,0.39822633261994883
130,1.35,0.39135800715885144
130,1.4,0.3853967277863239
130,1.45,0.37903009626382383
130,1.5,0.3726495651927926
130,1.55,0.36772996218526427
130,1.6,0.36105121046152766
130,1.65,0.35571329613637176
130,1.7,0.3508065197835335
130,1.75,0.34484287625848203
130,1.8,0.3407018552996971
130,1.85,0.33518909478677955
130,1.9,0.3328744105406231
130,1.95,0.3279935675662639
130,2.0,0.32442175774973725
130,2.05,0.3201031502836143
130,2.1,0.316103625707475
130,2.15,0.31340517882824137
130,2.2,0.31028925627756626
130,2.25,0.30693756374904174
130,2.3,0.30393368662102865
130,2.35,0.3015749127314954
130,2.4,0.29852884504402594
130,2.45,0.2954266249476225
130,2.5,0.2942392899136002
130,2.55,0.2898413754577162
130,2.6,0.28672435993108547
130,2.65,0.28594719130714413
130,2.7,0.28548104053975715
130,2.75,0.2811117714353796
130,2.8,0.27959319465536964
130,2.85,0.2772716305996466
130,2.9,0.27612890417279345
130,2.95,0.2743462940628365
135,0.0,0.4859532127345659
135,0.05,0.48442738460306406
135,0.1,0.48272177579768466
135,0.15,0.48167181978198154
135,0.2,0.48016784849528493
135,0.25,0.4790421792758742
135,0.3,0.47777813470147523
135,0.35,0.4756849834736073
135,0.4,0.473986819845742
135,0.45,0.47090020036718083
135,0.5,0.46861341404150636
135,0.55,0.4669793362657674
135,0.6,0.4627114868734263
135,0.65,0.45922485219350956
135,0.7,0.4550740400833387
135,0.75,0.4516534128064223
135,0.8,0.44752847966522824
135,0.85,0.4427527748962821
135,0.9,0.4395698963407223
135,0.95,0.43593080459258776
135,1.0,0.42898072682256483
135,1.05,0.42251894875078194
135,1.1,0.4175460367490113
135,1.15,0.4107737000498918
135,1.2,0.40446680856291
135,1.25,0.39886415401721914
135,1.3,0.39281968251332783
135,1.35,0.38569223000641123
135,1.4,0.37979797136298793
135,1.45,0.374179276420708
135,1.5,0.36765985723464134
135,1.55,0.3619543974291521
135,1.6,0.3562680723523834
135,1.65,0.35031105073982843
135,1.7,0.3457069550675879
135,1.75,0.3405828124830159
135,1.8,0.33664813624126344
135,1.85,0.3312725129772491
135,1.9,0.32732692997183144
135,1.95,0.32333115293489395
135,2.0,0.3192663845775178
135,2.05,0.3154254076915429
135,2.1,0.31222321546984855
135,2.15,0.30903947158475276
135,2.2,0.30686916890910315
135,2.25,0.30377017072779255
135,2.3,0.3003305954001803
135,2.35,0.29718607166698924
135,2.4,0.2950230502859306
135,2.45,0.29229682094404896
135,2.5,0.29060376499011625
135,2.55,0.2865839447148814
135,2.6,0.2852304332286099
135,2.65,0.2835541401234856
135,2.7,0.28302317579568725
135,2.75,0.27831906441456095
135,2.8,0.2773805458836095
135,2.85,0.27419384240824124
135,2.9,0.273076790732898
135,2.95,0.2709603809349744
140,0.0,0.48195611375391445
140,0.05,0.47965763417111945
140,0.1,0.4789768989671028
140,0.15,0.47755095178076873
140,0.2,0.47652962401137966
140,0.25,0.4749319502844244
140,0.3,0.4739855155183469
140,0.35,0.4709491987383945
140,0.4,0.46937121660002473
140,0.45,0.46572220852985174
140,0.5,0.4636066224139463
140,0.55,0.46279028533228933
140,0.6,0.45785340068078545
140,0.65,0.45461164862191145
140,0.7,0.4506285845095274
140,0.75,0.44576806173994266
140,0.8,0.44363792608478475
140,0.85,0.4379188553588514
140,0.9,0.4332889933526488
140,0.95,0.4301811785722988
140,1.0,0.4219668423786279
140,1.05,0.41699656457592943
140,1.1,0.41143974975086955
140,1.15,0.4054288641761638
140,1.2,0.39958577840010806
140,1.25,0.3925768087446549
140,1.3,0.3865752535861313
140,1.35,0.3794819285511074
140,1.4,0.37335226755567114
140,1.45,0.3673642413277238
140,1.5,0.361214338800929
140,1.55,0.35587030369519324
140,1.6,0.35013419926051215
140,1.65,0.34469374518174345
140,1.7,0.340572000766925
140,1.75,0.33454060270653957
140,1.8,0.3310548366426282
140,1.85,0.3255413807124925
140,1.9,0.3218645684536095
140,1.95,0.31750754840916684
140,2.0,0.31488613800502296
140,2.05,0.3097980330707066
140,2.1,0.3069697941390615
140,2.15,0.3038214658526125
140,2.2,0.3013215525884177
140,2.25,0.2978380984751795
140,2.3,0.2954047510842504
140,2.35,0.2923817223302559
140,2.4,0.2887130053843319
140,2.45,0.28805864192791375
140,2.5,0.28539389813735055
140,2.55,0.2822516868021065
140,2.6,0.28090166128862026
140,2.65,0.27861664043085205
140,2.7,0.27908662779116666
140,2.75,0.2745580622603077
140,2.8,0.273016666236743
140,2.85,0.27283378131782515
140,2.9,0.2702020671641363
140,2.95,0.2681218306953675
145,0.0,0.4804798255722593
145,0.05,0.47778809556003227
145,0.1,0.4775639786124022
145,0.15,0.47539059703864794
145,0.2,0.4752448967840544
145,0.25,0.47349114327020725
145,0.3,0.4733380908031052
145,0.35,0.469409790877791
145,0.4,0.4674538821638642
145,0.45,0.4644582739343517
145,0.5,0.46123419236583535
145,0.55,0.4605334053208145
145,0.6,0.45645830565165924
145,0.65,0.45190721279289375
145,0.7,0.4484294739393352
145,0.75,0.4429782051723307
145,0.8,0.43999955632933546
145,0.85,0.4350668143090407
145,0.9,0.4307284008304742
145,0.95,0.4272066151787769
145,1.0,0.41910848617636626
145,1.05,0.4125305106076032
145,1.1,0.4073411331090199
145,1.15,0.40128921903394216
145,1.2,0.3951678003997084
145,1.25,0.38868776228767127
145,1.3,0.3822204759991585
145,1.35,0.37553382396614704
145,1.4,0.3689392223061097
145,1.45,0.36316355010776585
145,1.5,0.35759084314368966
145,1.55,0.35198573443977466
145,1.6,0.3462940213599036
145,1.65,0.3407235095355275
145,1.7,0.33673516424339794
145,1.75,0.3313570514771005
145,1.8,0.3273041957350222
145,1.85,0.32304288722736624
145,1.9,0.32001434048576105
145,1.95,0.31517889851179964
145,2.0,0.31136401708234107
145,2.05,0.30803821632224004
145,2.1,0.30461458920283435
145,2.15,0.3025213345813266
145,2.2,0.2993763765126785
145,2.25,0.29575938655628425
145,2.3,0.2935899176297572
145,2.35,0.29078537480898026
145,2.4,0.2882415707076661
145,2.45,0.2856669922994061
145,2.5,0.2831424809747956
145,2.55,0.28090961581397333
145,2.6,0.27972841958499794
145,2.65,0.27723242955101773
145,2.7,0.27752833710639796
145,2.75,0.2733015502424996
145,2.8,0.27238438054805847
145,2.85,0.27005296797821615
145,2.9,0.26941442642921465
145,2.95,0.26743585030542766
150,0.0,0.4768552376186862
150,0.05,0.47442025997756837
150,0.1,0.4729061935176437
150,0.15,0.4721965975138658
150,0.2,0.4708767260773093
150,0.25,0.46910049290616757
150,0.3,0.46743229144319143
150,0.35,0.4657048625023775
150,0.4,0.46319320334717873
150,0.45,0.46091607651707056
150,0.5,0.45694482603963704
150,0.55,0.4566211090354338
150,0.6,0.4512773985222821
150,0.65,0.44676710843109674
150,0.7,0.4435839189165772
150,0.75,0.4390587734499727
150,0.8,0.43612269524969033
150,0.85,0.4295195933816166
150,0.9,0.42502970606331336
150,0.95,0.4216801110329716
150,1.0,0.4135969246751057
150,1.05,0.4074289472991592
150,1.1,0.4017094376361924
150,1.15,0.39460776201488873
150,1.2,0.3890607454945866
150,1.25,0.38178829050162383
150,1.3,0.37550977814332115
150,1.35,0.3689569480621038
150,1.4,0.3625013647074714
150,1.45,0.35638167567111295
150,1.5,0.3505728550701395
150,1.55,0.34508426769625583
150,1.6,0.3394652700590323
150,1.65,0.33531617651215934
150,1.7,0.3298230780651286
150,1.75,0.3246992502869435
150,1.8,0.32237774694718563
150,1.85,0.31675501903704156
150,1.9,0.31310420463022154
150,1.95,0.30936458058778843
150,2.0,0.30657613436827985
150,2.05,0.3029580901566691
150,2.1,0.2989103867280643
150,2.15,0.2955002380993631
150,2.2,0.293539118333554
150,2.25,0.2901728450416396
150,2.3,0.28767053569803597
150,2.35,0.28525016347790727
150,2.4,0.2825248143815914
150,2.45,0.28000214883762736
150,2.5,0.2796905292878783
150,2.55,0.2767489065985099
150,2.6,0.27348457608327914
150,2.65,0.2724667385799343
150,2.7,0.2723847842433364
150,2.75,0.26854652322057987
150,2.8,0.26718756357203216
150,2.85,0.26429802411440706
150,2.9,0.2625497494795761
150,2.95,0.2598181492762892
155,0.0,0.47218064160395096
155,0.05,0.47016120740353134
155,0.1,0.46838704477947946
155,0.15,0.46780349817210426
155,0.2,0.4669964037790323
155,0.25,0.4653413382413745
155,0.3,0.4635011099553606
155,0.35,0.4605321303522909
155,0.4,0.4593230112869084
155,0.45,0.4552474606518667
155,0.5,0.45322102775012935
155,0.55,0.45145916992685703
155,0.6,0.4458971820819658
155,0.65,0.4422164876564366
155,0.7,0.43862423454011007
155,0.75,0.4341145927675573
155,0.8,0.42995500193598424
155,0.85,0.42397818779698493
155,0.9,0.4197250444490263
155,0.95,0.41492738424001413
155,1.0,0.4070407374262393
155,1.05,0.40109757466355095
155,1.1,0.3950304186049213
155,1.15,0.3892453191795389
155,1.2,0.3830772056720381
155,1.25,0.37516597569337357
155,1.3,0.37016956790800226
155,1.35,0.3621278425729696
155,1.4,0.35661051799673305
155,1.45,0.3511228201076307
155,1.5,0.3450237016853606
155,1.55,0.3402446318249779
155,1.6,0.3344561809700277
155,1.65,0.3290932882988607
155,1.7,0.32539032986686156
155,1.75,0.32020512149196106
155,1.8,0.31738868003965337
155,1.85,0.31158712684425854
155,1.9,0.30886361048156763
155,1.95,0.30377556015424645
155,2.0,0.3001362165687227
155,2.05,0.2987893663738609
155,2.1,0.2946726699419379
155,2.15,0.29322530034343597
155,2.2,0.29007165589918243
155,2.25,0.28700971135212033
155,2.3,0.28347030617016483
155,2.35,0.2810055258856659
155,2.4,0.27899893049332913
155,2.45,0.27685762775564743
155,2.5,0.2746581932285939
155,2.55,0.2713299201921397
155,2.6,0.2703181836191679
155,2.65,0.2683087615549698
155,2.7,0.2692238687366821
155,2.75,0.2643904915316401
155,2.8,0.26387291338068003
155,2.85,0.2609628800744023
155,2.9,0.2601899238809063
155,2.95,0.2591046133798367
160,0.0,0.4673905895235081
160,0.05,0.46502937135851863
160,0.1,0.4644709068637246
160,0.15,0.46224362525853796
160,0.2,0.46135478902678917
160,0.25,0.4592273307627909
160,0.3,0.4576107075449868
160,0.35,0.4554666974947114
160,0.4,0.45362764246492454
160,0.45,0.4497293427298751
160,0.5,0.44710831673250506
160,0.55,0.44468829935740783
160,0.6,0.4395354054152591
160,0.65,0.4352123991183324
160,0.7,0.43136638042127545
160,0.75,0.427791721379099
160,0.8,0.4236935001976141
160,0.85,0.4173085973422522
160,0.9,0.41282576809642685
160,0.95,0.40862582487551924
160,1.0,0.39959624135682165
160,1.05,0.3943522311321511
160,1.1,0.3864187634425175
160,1.15,0.3806864695118946
160,1.2,0.3742361128801259
160,1.25,0.36762017947139575
160,1.3,0.3612506858549388
160,1.35,0.35509506348148406
160,1.4,0.34821311129051674
160,1.45,0.34153248728819896
160,1.5,0.336847814924094
160,1.55,0.3317063904770957
160,1.6,0.3257361237370408
160,1.65,0.3215634972489916
160,1.7,0.31748016751987673
160,1.75,0.31152499149088314
160,1.8,0.3089003560237961
160,1.85,0.3030729731241502
160,1.9,0.3005940528114173
160,1.95,0.2974664029944317
160,2.0,0.29426740819594294
160,2.05,0.2918189660792638
160,2.1,0.28722006186697674
160,2.15,0.28448411104142657
160,2.2,0.28345715817992867
160,2.25,0.278967050576687
160,2.3,0.2764681239597063
160,2.35,0.27442579505963055
160,2.4,0.2725140212177075
160,2.45,0.2701126333892781
160,2.5,0.26805296571242704
160,2.55,0.2648859145369326
160,2.6,0.26313576000379374
160,2.65,0.26132551000000787
160,2.7,0.2624147901335797
160,2.75,0.25847496539152715
160,2.8,0.2564848471310593
160,2.85,0.25487642184517006
160,2.9,0.25321632443628267
160,2.95,0.2506260286562041
165,0.0,0.4654753210168033
165,0.05,0.46341930372909385
165,0.1,0.46148399931131984
165,0.15,0.4608907726601069
165,0.2,0.4592255201239324
165,0.25,0.45803700877413717
165,0.3,0.4565868200936788
165,0.35,0.45322374753753525
165,0.4,0.4518575644400689
165,0.45,0.44830250173682235
165,0.5,0.4455778967537452
165,0.55,0.4427316469491969
165,0.6,0.43877180812504984
165,0.65,0.43354494068987703
165,0.7,0.42916969443661995
165,0.75,0.42528141736394925
165,0.8,0.4194005477337113
165,0.85,0.41418164790232115
165,0.9,0.4090510926692608
165,0.95,0.4055671668894327
165,1.0,0.39762977906973235
165,1.05,0.3900770134129051
165,1.1,0.3831118611595028
165,1.15,0.37719358127265384
165,1.2,0.3705237982696245
165,1.25,0.3639477645166555
165,1.3,0.3575626006736922
165,1.35,0.35110379630706134
165,1.4,0.3455460735109865
165,1.45,0.3389343788694263
165,1.5,0.33300589839573924
165,1.55,0.32835765220281093
165,1.6,0.32284286729276024
165,1.65,0.31824426710347803
165,1.7,0.3148429052847287
165,1.75,0.30908404510118376
165,1.8,0.30588443366711476
165,1.85,0.3008958507002205
165,1.9,0.29801278187686364
165,1.95,0.29499680397006184
165,2.0,0.29194052944169224
165,2.05,0.288821988790992
165,2.1,0.2852146969760933
165,2.15,0.28210763576445796
165,2.2,0.2814285360268961
165,2.25,0.2774251948969621
165,2.3,0.2750842644756747
165,2.35,0.27185242280518235
165,2.4,0.270415997630183
165,2.45,0.26865374982199686
165,2.5,0.26696104460089043
165,2.55,0.26416031013495117
165,2.6,0.26280260313802944
165,2.65,0.25995596540585236
165,2.7,0.2607880627525159
165,2.75,0.25624854030413086
165,2.8,0.2561506967319042
165,2.85,0.25309806398339885
165,2.9,0.2521976299474373
165,2.95,0.24935401619635836
170,0.0,0.4616116047368746
170,0.05,0.45984047034342523
170,0.1,0.4590830716575134
170,0.15,0.45779819958003437
170,0.2,0.45594979653756146
170,0.25,0.45408034184867774
170,0.3,0.4525123747188934
170,0.35,0.4503135081976966
170,0.4,0.44863995419488856
170,0.45,0.44403317509905715
170,0.5,0.44124179438985855
170,0.55,0.43802892243028263
170,0.6,0.43379147708749544
170,0.65,0.4293637515922638
170,0.7,0.4250987990576503
170,0.75,0.4208967479674742
170,0.8,0.4160941481256294
170,0.85,0.4094272098425754
170,0.9,0.40448374920043484
170,0.95,0.3997830655221777
170,1.0,0.39223112970649415
170,1.05,0.3851934990681481
170,1.1,0.37845750030280506
170,1.15,0.3727688900794962
170,1.2,0.36543069001977735
170,1.25,0.35975243975288473
170,1.3,0.3519076333338632
170,1.35,0.3468844085820522
170,1.4,0.34116623038425725
170,1.45,0.3348642792096741
170,1.5,0.3295518155675158
170,1.55,0.32376788433948084
170,1.6,0.31907320101129216
170,1.65,0.31516787440640115
170,1.7,0.3114353886983522
170,1.75,0.3056578163320348
170,1.8,0.3030718641107334
170,1.85,0.2990913140734241
170,1.9,0.29602957860001694
170,1.95,0.2921140018716328
170,2.0,0.28950382925625295
170,2.05,0.28585647847267964
170,2.1,0.2824993052522756
170,2.15,0.2812927674938316
170,2.2,0.2778305284165766
170,2.25,0.27528995402627526
170,2.3,0.27264959008794604
170,2.35,0.2711124330260093
170,2.4,0.26920819137472923
170,2.45,0.2654468737505435
170,2.5,0.26505627731543885
170,2.55,0.2619022121179057
170,2.6,0.26028263885542013
170,2.65,0.2591284138932188
170,2.7,0.25948553114370027
170,2.75,0.2548020553571466
170,2.8,0.25380449441687475
170,2.85,0.2516632635999948
170,2.9,0.2495820981108611
170,2.95,0.24831442418726937
175,0.0,0.4578182069655869
175,0.05,0.45614300835127236
175,0.1,0.45389233359333664
175,0.15,0.453109034987112
175,0.2,0.4521874879304017
175,0.25,0.45022183703453295
175,0.3,0.44849861226308996
175,0.35,0.4453359962512821
175,0.4,0.44382536386782234
175,0.45,0.44031813386140833
175,0.5,0.43743124502972536
175,0.55,0.43379727055362244
175,0.6,0.4289349197674029
175,0.65,0.4243453461448757
175,0.7,0.4203402611830618
175,0.75,0.41570220705373556
175,0.8,0.40970593616215595
175,0.85,0.40527197626214245
175,0.9,0.3993763409260712
175,0.95,0.3935988388716108
175,1.0,0.38759677387474895
175,1.05,0.37957881531038257
175,1.1,0.37316882839123366
175,1.15,0.36766799493521873
175,1.2,0.35941753543360716
175,1.25,0.3535582635464712
175,1.3,0.34737523042078144
175,1.35,0.34077240091307137
175,1.4,0.33442903587966494
175,1.45,0.32870079869856844
175,1.5,0.32470267531368846
175,1.55,0.31862409315946716
175,1.6,0.3135850544221711
175,1.65,0.31026033784789037
175,1.7,0.30605217720563926
175,1.75,0.301078760664256
175,1.8,0.29787379475272563
175,1.85,0.2939309143571379
175,1.9,0.2903321408829523
175,1.95,0.28724839529475643
175,2.0,0.2858750521750233
175,2.05,0.2813986323716185
175,2.1,0.2781678617640097
175,2.15,0.2754989960421347
175,2.2,0.27376851385736994
175,2.25,0.27025417589805745
175,2.3,0.26881187691948016
175,2.35,0.2662265120453809
175,2.4,0.2634624957063026
175,2.45,0.2618055050361792
175,2.5,0.2599616146395404
175,2.55,0.2580557785800417
175,2.6,0.2563918925897455
175,2.65,0.25533504910244403
175,2.7,0.25653381908131895
175,2.75,0.25034702534722336
175,2.8,0.25102704039199364
175,2.85,0.2489478936712218
175,2.9,0.2483089297158575
175,2.95,0.2466078017226154
180,0.0,0.4533775099506337
180,0.05,0.45136223601372993
180,0.1,0.44963959869260456
180,0.15,0.4483928977541692
180,0.2,0.44704965239422856
180,0.25,0.4449342520378711
180,0.3,0.44207313550695043
180,0.35,0.4402617853418955
180,0.4,0.4387525642178862
180,0.45,0.4339137893514532
180,0.5,0.4312169660495949
180,0.55,0.4278334041113783
180,0.6,0.4234143033610759
180,0.65,0.4186715930929658
180,0.7,0.4151042681783391
180,0.75,0.4094751994618781
180,0.8,0.4043862132846436
180,0.85,0.3982614014542811
180,0.9,0.3925871359144546
180,0.95,0.388064972804882
180,1.0,0.37975512346603235
180,1.05,0.3732632838826307
180,1.1,0.3662559833891332
180,1.15,0.360162567009438
180,1.2,0.3532976226061936
180,1.25,0.34610850555751593
180,1.3,0.3400262918437276
180,1.35,0.3342723328809852
180,1.4,0.3275521604921739
180,1.45,0.3227306039847525
180,1.5,0.3174006788633602
180,1.55,0.31303057584173793
180,1.6,0.30744618552287223
180,1.65,0.3033258011769741
180,1.7,0.29935684586921524
180,1.75,0.29543307068807856
180,1.8,0.29170262118330165
180,1.85,0.2867466940339512
180,1.9,0.2844727431924872
180,1.95,0.2812204339622912
180,2.0,0.2798449944602391
180,2.05,0.27586775301214606
180,2.1,0.27323515435504026
180,2.15,0.26930027968347237
180,2.2,0.2683363115100629
180,2.25,0.2653192932693476
180,2.3,0.26252850207503353
180,2.35,0.26121098287389416
180,2.4,0.25952006603329764
180,2.45,0.2556594356761744
180,2.5,0.25657448182696013
180,2.55,0.25306771020728513
180,2.6,0.25181925974616315
180,2.65,0.24939405878512297
180,2.7,0.2500453594909499
180,2.75,0.24619722096708427
180,2.8,0.24500514844171942
180,2.85,0.24295732217235466
180,2.9,0.2407500874857753
180,2.95,0.24012152275594398
185,0.0,0.45097600069421295
185,0.05,0.4490522095252847
185,0.1,0.4477965154781033
185,0.15,0.446374603735667
185,0.2,0.44455695899092124
185,0.25,0.44344223427106716
185,0.3,0.44063691369628033
185,0.35,0.4380437313500277
185,0.4,0.43700322785753937
185,0.45,0.43232998441157505
185,0.5,0.429460698521746
185,0.55,0.42660528299516237
185,0.6,0.42101094270578127
185,0.65,0.41565200739682645
185,0.7,0.41127572034042653
185,0.75,0.40639634174751055
185,0.8,0.40134990465060877
185,0.85,0.39612508397207974
185,0.9,0.38846487343653135
185,0.95,0.38369461868319593
185,1.0,0.3764360537441191
185,1.05,0.36855964219172777
185,1.1,0.3614716695286218
185,1.15,0.35602229616851205
185,1.2,0.34860264246890604
185,1.25,0.34229702279782626
185,1.3,0.33664374751501897
185,1.35,0.3294841552479574
185,1.4,0.32373344850395425
185,1.45,0.3184821479094491
185,1.5,0.31336660858750925
185,1.55,0.30777344361596254
185,1.6,0.30330952494689534
185,1.65,0.2990258651032196
185,1.7,0.29514522829258666
185,1.75,0.2914715431016961
185,1.8,0.28779653708888336
185,1.85,0.28460917332955976
185,1.9,0.2808080697576818
185,1.95,0.27778914452044134
185,2.0,0.2772242619154877
185,2.05,0.27203812902488184
185,2.1,0.26855138493837555
185,2.15,0.26661264715456506
185,2.2,0.2642581769356137
185,2.25,0.26163170758310483
185,2.3,0.25954578943402773
185,2.35,0.2572025694782237
185,2.4,0.2560837455806882
185,2.45,0.25354468860804674
185,2.5,0.25199448406686137
185,2.55,0.24981568391305928
185,2.6,0.24751853028905066
185,2.65,0.24708649879859518
185,2.7,0.24846291519425323
185,2.75,0.24344605426929242
185,2.8,0.24267884949990595
185,2.85,0.23986543360404722
185,2.9,0.23858573626794163
185,2.95,0.2375350499090115
190,0.0,0.4473891291548829
190,0.05,0.44501519961365116
190,0.1,0.44345565466068054
190,0.15,0.44253625660505
190,0.2,0.4407131036404304
190,0.25,0.43975572173840344
190,0.3,0.43698500121498907
190,0.35,0.4333893564190166
190,0.4,0.4325472832261066
190,0.45,0.4278536643975189
190,0.5,0.4246291840896662
190,0.55,0.42098936228186823
190,0.6,0.4160359416753229
190,0.65,0.4105978101279212
190,0.7,0.4063813023199375
190,0.75,0.40175550248371167
190,0.8,0.3963461585871207
190,0.85,0.38992069202847396
190,0.9,0.38440681978517516
190,0.95,0.37831845556913796
190,1.0,0.37172274852414766
190,1.05,0.36275826799950933
190,1.1,0.35658376814244086
190,1.15,0.35133467784132516
190,1.2,0.3433432463179012
190,1.25,0.337439158584809
190,1.3,0.3314278521839609
190,1.35,0.3258139503144509
190,1.4,0.3197937888869002
190,1.45,0.31411685343854373
190,1.5,0.3089144105120326
190,1.55,0.3040675151752509
190,1.6,0.2991596054148418
190,1.65,0.29498819125003867
190,1.7,0.29217776431834014
190,1.75,0.2871411384212411
190,1.8,0.2839088666239817
190,1.85,0.27983756732931814
190,1.9,0.27641120240061984
190,1.95,0.27399129265066463
190,2.0,0.27238777627628424
190,2.05,0.2690890571659395
190,2.1,0.2644909851906855
190,2.15,0.2627776969728055
190,2.2,0.26250502796905667
190,2.25,0.257404728034512
190,2.3,0.25630941506839555
190,2.35,0.2546882112016847
190,2.4,0.25293515262504285
190,2.45,0.24926908981549373
190,2.5,0.2491099563609254
190,2.55,0.2468577816888488
190,2.6,0.24442691175503484
190,2.65,0.24306210008319548
190,2.7,0.24445820645003133
190,2.75,0.240143554796298
190,2.8,0.23904920539886237
190,2.85,0.24006292772607207
190,2.9,0.23732551269267513
190,2.95,0.23560665905986652
195,0.0,0.44491788660912457
195,0.05,0.4420969757430136
195,0.1,0.4400919879380155
195,0.15,0.43951084760906395
195,0.2,0.4373157258953169
195,0.25,0.4359673072366369
195,0.3,0.4324802848022233
195,0.35,0.43010698712634426
195,0.4,0.4282554039058
195,0.45,0.424040329621801
195,0.5,0.42127691983659465
195,0.55,0.4167332245129344
195,0.6,0.41210589223490846
195,0.65,0.40751933324724615
195,0.7,0.4021841678978343
195,0.75,0.3975249399063091
195,0.8,0.39174086414580517
195,0.85,0.3850743076006271
195,0.9,0.37916711289021265
195,0.95,0.37320759102039763
195,1.0,0.36633903828173525
195,1.05,0.35860853253740826
195,1.1,0.35138879876244516
195,1.15,0.3453969394751638
195,1.2,0.3385329995159841
195,1.25,0.3316100769003011
195,1.3,0.3246277353428189
195,1.35,0.3202554725636831
195,1.4,0.314854468323965
195,1.45,0.30857916422395487
195,1.5,0.3046316246893547
195,1.55,0.29929749783300397
195,1.6,0.29404831766992284
195,1.65,0.2901030487648513
195,1.7,0.2874376366629689
195,1.75,0.28260675069450636
195,1.8,0.27999408028091904
195,1.85,0.27546590619069605
195,1.9,0.2723235606190883
195,1.95,0.26988815926127085
195,2.0,0.2692532831834349
195,2.05,0.26391644835885736
195,2.1,0.2616219722432381
195,2.15,0.25921589899990766
195,2.2,0.25781279576273525
195,2.25,0.2549023171339374
195,2.3,0.2525950631049378
195,2.35,0.25069817150659585
195,2.4,0.2481744490618826
195,2.45,0.24658015237100125
195,2.5,0.24561778621201544
195,2.55,0.24318427741642293
195,2.6,0.24152146478458647
195,2.65,0.2405116684717131
195,2.7,0.24211024462994782
195,2.75,0.237016522808587
195,2.8,0.23644691849107918
195,2.85,0.2345416199198942
195,2.9,0.23255366850584772
195,2.95,0.23166572284398135
200,0.0,0.44124569500189803
200,0.05,0.43891560237201105
200,0.1,0.4382453688545486
200,0.15,0.434735038648718
200,0.2,0.4341562030275516
200,0.25,0.4323907951225309
200,0.3,0.429681985954551
200,0.35,0.42809992414072207
200,0.4,0.42496758141309054
200,0.45,0.41979107854639136
200,0.5,0.4166945940829089
200,0.55,0.41408420949166297
200,0.6,0.40880947377866445
200,0.65,0.4025029455876402
200,0.7,0.39730777663081324
200,0.75,0.3939110011641885
200,0.8,0.3869764410650652
200,0.85,0.38079113506949447
200,0.9,0.37423418879753806
200,0.95,0.3688623937416096
200,1.0,0.36098133362255147
200,1.05,0.354875038219583
200,1.1,0.34714083972624926
200,1.15,0.34055906542406345
200,1.2,0.33424342776557125
200,1.25,0.32751799571163376
200,1.3,0.32090603754906727
200,1.35,0.31639567769051713
200,1.4,0.31019166188159025
200,1.45,0.3055358162544601
200,1.5,0.3014060016529074
200,1.55,0.29557244578177677
200,1.6,0.29051422442783387
200,1.65,0.286749363360497
200,1.7,0.2839704895173621
200,1.75,0.2796459217634066
200,1.8,0.27732555174549495
200,1.85,0.2727544874888372
200,1.9,0.27019788729721256
200,1.95,0.2680333014480748
200,2.0,0.26384153847755415
200,2.05,0.2622132617582136
200,2.1,0.2584686336593712
200,2.15,0.2559549644036477
200,2.2,0.25496331334391337
200,2.25,0.2515862536182344
200,2.3,0.25092236984882155
200,2.35,0.24771976207211668
200,2.4,0.24579444407288684
200,2.45,0.2441872854487092
200,2.5,0.24259637909359505
200,2.55,0.2396666134233084
200,2.6,0.23852835240270537
200,2.65,0.23860938252740108
200,2.7,0.24019569349231068
200,2.75,0.2342503966398202
200,2.8,0.23400048207303462
200,2.85,0.2316561620718721
200,2.9,0.22946312833247803
200,2.95,0.22823714670011316
205,0.0,0.43866389902651864
205,0.05,0.4366452169835019
205,0.1,0.43512511807428833
205,0.15,0.4340207713234013
205,0.2,0.4321256315181871
205,0.25,0.43038843578376296
205,0.3,0.42911582291623473
205,0.35,0.42531493251019253
205,0.4,0.4231939963516245
205,0.45,0.4183100612771941
205,0.5,0.4142125564135205
205,0.55,0.411225878011981
205,0.6,0.405673324328326
205,0.65,0.4006367691350638
205,0.7,0.39533980947186975
205,0.75,0.3909621866562586
205,0.8,0.3849698829567253
205,0.85,0.37779359775382954
205,0.9,0.3713799663377579
205,0.95,0.36532525989064596
205,1.0,0.35668732292961003
205,1.05,0.35196609052753314
205,1.1,0.34482855707877297
205,1.15,0.33795470058979016
205,1.2,0.33133489888989576
205,1.25,0.32494704429473503
205,1.3,0.31906966229310374
205,1.35,0.3133674168336155
205,1.4,0.30742788457560327
205,1.45,0.3027363119362247
205,1.5,0.29779072722640193
205,1.55,0.2939994648870436
205,1.6,0.28891326554129193
205,1.65,0.28494471035837315
205,1.7,0.28217337093985945
205,1.75,0.27679297811511183
205,1.8,0.27406672221006445
205,1.85,0.2701852476666823
205,1.9,0.2677197581329184
205,1.95,0.26516106139679263
205,2.0,0.26246133163822966
205,2.05,0.2603494048546608
205,2.1,0.2571998069691817
205,2.15,0.25423279171491625
205,2.2,0.2542616033872303
205,2.25,0.25004862091808855
205,2.3,0.24799227029563525
205,2.35,0.2464715556429926
205,2.4,0.24599877865938535
205,2.45,0.24364714479623192
205,2.5,0.24278607818794737
205,2.55,0.24058511039696168
205,2.6,0.23892527318332593
205,2.65,0.23648861962903892
205,2.7,0.23909944936538485
205,2.75,0.23372695089391063
205,2.8,0.2333517508530563
205,2.85,0.23206372970296837
205,2.9,0.23132697606940286
205,2.95,0.2281272459775284
210,0.0,0.43666648850966033
210,0.05,0.43431064105108763
210,0.1,0.43208992764835363
210,0.15,0.43033326071968253
210,0.2,0.4295924153528707
210,0.25,0.42781716815796733
210,0.3,0.42418553214977095
210,0.35,0.4209171402663334
210,0.4,0.41962811881510403
210,0.45,0.415817969786934
210,0.5,0.41043168144262754
210,0.55,0.40647352128572706
210,0.6,0.402002419817817
210,0.65,0.39756993118271833
210,0.7,0.3917689432974227
210,0.75,0.38670522770212484
210,0.8,0.3811852286534593
210,0.85,0.37317717157851504
210,0.9,0.36643918554569627
210,0.95,0.360603201897551
210,1.0,0.3547021471888529
210,1.05,0.3462632714346256
210,1.1,0.3391554362520255
210,1.15,0.33375785682234593
210,1.2,0.32668296480069675
210,1.25,0.3196621152289856
210,1.3,0.31411789786434113
210,1.35,0.3082661881125565
210,1.4,0.3034358632472262
210,1.45,0.298403146065182
210,1.5,0.29360183029266895
210,1.55,0.2890914651473434
210,1.6,0.28477434959449305
210,1.65,0.2806302874858177
210,1.7,0.27836607950624687
210,1.75,0.2727049765072776
210,1.8,0.27091196274397117
210,1.85,0.2664026821940136
210,1.9,0.2640656392331074
210,1.95,0.2613800677130062
210,2.0,0.2611388633047974
210,2.05,0.25700750260183547
210,2.1,0.25321547151471097
210,2.15,0.2515525595826009
210,2.2,0.2505566076781992
210,2.25,0.24680520769497136
210,2.3,0.24613108701111125
210,2.35,0.24391506601366977
210,2.4,0.24165453293650613
210,2.45,0.24010618743803297
210,2.5,0.23891701773061366
210,2.55,0.23728796764931803
210,2.6,0.23444577073186673
210,2.65,0.23408390149921773
210,2.7,0.2361363005069757
210,2.75,0.23108521454183142
210,2.8,0.2298720360705315
210,2.85,0.22892051357048668
210,2.9,0.22729662935720715
210,2.95,0.22638191427955948
215,0.0,0.4352622068297429
215,0.05,0.43176495048182273
215,0.1,0.430251508791315
215,0.15,0.42997497629464665
215,0.2,0.4280621003718252
215,0.25,0.42510855610153825
215,0.3,0.4231034395353021
215,0.35,0.41976966731862897
215,0.4,0.41812704733959966
215,0.45,0.4121588535477718
215,0.5,0.40823805915398126
215,0.55,0.4053047898234339
215,0.6,0.40065522342619453
215,0.65,0.3944545085607616
215,0.7,0.3897652657845271
215,0.75,0.38435864198930947
215,0.8,0.37775564360966996
215,0.85,0.3722271241993896
215,0.9,0.36289629099285087
215,0.95,0.3579838558973896
215,1.0,0.3519097585418593
215,1.05,0.34360981841285376
215,1.1,0.3371406747271611
215,1.15,0.3304277315349533
215,1.2,0.3238055604493408
215,1.25,0.3181740918989367
215,1.3,0.3124088212195505
215,1.35,0.30696559430398207
215,1.4,0.30166217657330485
215,1.45,0.2974042665564353
215,1.5,0.29286849805523196
215,1.55,0.288019238178276
215,1.6,0.2836801939450616
215,1.65,0.28071762575950376
215,1.7,0.2779372432618023
215,1.75,0.2726650086441341
215,1.8,0.27033633300968823
215,1.85,0.2665344875582499
215,1.9,0.2647858063683443
215,1.95,0.26151375292818957
215,2.0,0.26109104034082303
215,2.05,0.25678067076153566
215,2.1,0.25384660852365337
215,2.15,0.25182378181771903
215,2.2,0.25110230524414595
215,2.25,0.24838465412398839
215,2.3,0.24606252942744525
215,2.35,0.2437673775049831
215,2.4,0.2427264160790454
215,2.45,0.24078873037674758
215,2.5,0.23954489063619006
215,2.55,0.2375395688269633
215,2.6,0.23618049028969973
215,2.65,0.2353582750020899
215,2.7,0.23626596752794912
215,2.75,0.2317912930720116
215,2.8,0.23052198497435114
215,2.85,0.22874390789727053
215,2.9,0.22880194366671117
215,2.95,0.22787131875041167
220,0.0,0.4317044389351087
220,0.05,0.42756478757848987
220,0.1,0.4254795626359454
220,0.15,0.42526902689267704
220,0.2,0.4234670351223829
220,0.25,0.42117668879270415
220,0.3,0.41895509973778744
220,0.35,0.4144276046743978
220,0.4,0.41273265845475277
220,0.45,0.4081252520998776
220,0.5,0.4045326505913193
220,0.55,0.4006968944652972
220,0.6,0.3951607534424446
220,0.65,0.38979428521119414
220,0.7,0.38394911964732253
220,0.75,0.3789640043150252
220,0.8,0.3726828943348801
220,0.85,0.3656030215285653
220,0.9,0.35963525701067844
220,0.95,0.3525417203825879
220,1.0,0.34477937964058647
220,1.05,0.33824600469090965
220,1.1,0.3317593315626063
220,1.15,0.32608600877627925
220,1.2,0.31931867191760027
220,1.25,0.3126186089035711
220,1.3,0.30771379510014024
220,1.35,0.3010286728090118
220,1.4,0.29691801665793854
220,1.45,0.2916670501780499
220,1.5,0.28767359381708646
220,1.55,0.2829132717621278
220,1.6,0.27936104171451026
220,1.65,0.2760716338399598
220,1.7,0.27351719977964223
220,1.75,0.268267274043115
220,1.8,0.2659520065422183
220,1.85,0.26149349057315563
220,1.9,0.25876226005021535
220,1.95,0.2571667709010591
220,2.0,0.25448450240160403
220,2.05,0.2524831353062127
220,2.1,0.24917906768602463
220,2.15,0.24753647130228126
220,2.2,0.24560308855779084
220,2.25,0.2430734565969004
220,2.3,0.24106974755047475
220,2.35,0.23955414790428048
220,2.4,0.2372679003755234
220,2.45,0.23702479009699237
220,2.5,0.2354449527799017
220,2.55,0.2326744056772485
220,2.6,0.2316179316966849
220,2.65,0.23014212410885834
220,2.7,0.23258994561845497
220,2.75,0.22779951951690786
220,2.8,0.22735784462189695
220,2.85,0.22543146170804915
220,2.9,0.22421549933987292
220,2.95,0.223627034461667
225,0.0,0.42956626483325683
225,0.05,0.4268679774150375
225,0.1,0.4249463403701616
225,0.15,0.4231873907860217
225,0.2,0.42158628469612847
225,0.25,0.41981396582841957
225,0.3,0.4179369801262312
225,0.35,0.4140520348910365
225,0.4,0.41206593351772264
225,0.45,0.40576166697643223
225,0.5,0.403153221108692
225,0.55,0.3987731366155325
225,0.6,0.39335177278259936
225,0.65,0.3872810296225101
225,0.7,0.38224583397657536
225,0.75,0.3773900874395421
225,0.8,0.36985045429766317
225,0.85,0.3641261466370514
225,0.9,0.35645176166516823
225,0.95,0.35016218468808524
225,1.0,0.34477632725532226
225,1.05,0.3363583818827512
225,1.1,0.3287031959953429
225,1.15,0.32387431919248927
225,1.2,0.31760692055276474
225,1.25,0.3107985663790508
225,1.3,0.3051677547111618
225,1.35,0.29916219211562073
225,1.4,0.2947444669319639
225,1.45,0.2894344015476666
225,1.5,0.28670063903539983
225,1.55,0.2804384988710206
225,1.6,0.2782606856480784
225,1.65,0.27364576367686894
225,1.7,0.2710749003899315
225,1.75,0.2673607987220254
225,1.8,0.2650213915466743
225,1.85,0.2607176847930163
225,1.9,0.2583533577088891
225,1.95,0.2557251539583335
225,2.0,0.25387392953187377
225,2.05,0.25103250583978504
225,2.1,0.24972497550626002
225,2.15,0.2471732580832846
225,2.2,0.24537318137801156
225,2.25,0.24287666002140032
225,2.3,0.24133662646637374
225,2.35,0.2400282107410792
225,2.4,0.23765332997766755
225,2.45,0.23617789881110257
225,2.5,0.23503096703819962
225,2.55,0.23383400276367766
225,2.6,0.2314777115989663
225,2.65,0.23078623309397575
225,2.7,0.23196796529690702
225,2.75,0.22848912529672122
225,2.8,0.22640833162975732
225,2.85,0.2255454892595011
225,2.9,0.22463551129217832
225,2.95,0.22209241783057
230,0.0,0.42411752237785294
230,0.05,0.4231211654514964
230,0.1,0.42092728270677326
230,0.15,0.4190141197512464
230,0.2,0.41685605062391123
230,0.25,0.4159756581203203
230,0.3,0.4131257918100831
230,0.35,0.40887979874332636
230,0.4,0.4069040855399718
230,0.45,0.40123711088864883
230,0.5,0.3981216122193986
230,0.55,0.39357238324170213
230,0.6,0.3882734151837129
230,0.65,0.3818653488904925
230,0.7,0.3762974063853165
230,0.75,0.37028523312293576
230,0.8,0.3648430832418331
230,0.85,0.35876829719013464
230,0.9,0.35174238837318106
230,0.95,0.3441609529573593
230,1.0,0.33901968876151856
230,1.05,0.33024913191912947
230,1.1,0.32375194495409115
230,1.15,0.31774686118183093
230,1.2,0.31198802355474126
230,1.25,0.3051564477612489
230,1.3,0.29983398771812225
230,1.35,0.29554731537095186
230,1.4,0.2898437660116593
230,1.45,0.2849384568202545
230,1.5,0.28055560705717564
230,1.55,0.27678447754645974
230,1.6,0.2734567007097893
230,1.65,0.2691039208042227
230,1.7,0.26715832934434264
230,1.75,0.2626290454846573
230,1.8,0.2604744356010368
230,1.85,0.2564501660741417
230,1.9,0.2542838527171596
230,1.95,0.25163029495877537
230,2.0,0.2505470691864186
230,2.05,0.2463789597223294
230,2.1,0.2446487076448817
230,2.15,0.24257373666482085
230,2.2,0.24193623534452366
230,2.25,0.2391648393236354
230,2.3,0.23676724392087306
230,2.35,0.23551366906625118
230,2.4,0.23418981210586018
230,2.45,0.23260765456090612
230,2.5,0.23022352123608206
230,2.55,0.22961105774868504
230,2.6,0.2271472286352967
230,2.65,0.22648515550615356
230,2.7,0.22865131792265964
230,2.75,0.22483817672321654
230,2.8,0.22333642457115285
230,2.85,0.22310422019102036
230,2.9,0.22250825659051218
230,2.95,0.22044191342300676
235,0.0,0.4239951502841581
235,0.05,0.4206080959240685
235,0.1,0.4189182260445368
235,0.15,0.4179515877630808
235,0.2,0.41571867531116113
235,0.25,0.4136487920133224
235,0.3,0.41098804478604334
235,0.35,0.4079521780470534
235,0.4,0.4043566682667054
235,0.45,0.4001663945310144
235,0.5,0.3961087385610257
235,0.55,0.3919259929870286
235,0.6,0.3861403451575117
235,0.65,0.38102966919865355
235,0.7,0.3747568521988189
235,0.75,0.3692703742079656
235,0.8,0.36262092524726036
235,0.85,0.3559622281248252
235,0.9,0.34814278644213426
235,0.95,0.34259321363280154
235,1.0,0.336542672052008
235,1.05,0.32854965162045097
235,1.1,0.32200972372078585
235,1.15,0.31613641135347514
235,1.2,0.3102037057451033
235,1.25,0.3037141791753567
235,1.3,0.2973045835659178
235,1.35,0.29362011706961166
235,1.4,0.28884992622650474
235,1.45,0.28447760019331053
235,1.5,0.28064745139255554
235,1.55,0.27569706399441146
235,1.6,0.27104347786377153
235,1.65,0.2686606250315661
235,1.7,0.2663220170272008
235,1.75,0.2619393352325759
235,1.8,0.2594277659883621
235,1.85,0.2554291886760391
235,1.9,0.2535353018526344
235,1.95,0.2508008574030823
235,2.0,0.24881176428601995
235,2.05,0.24767654596906505
235,2.1,0.24343352405116728
235,2.15,0.24209325888199393
235,2.2,0.24149480390947659
235,2.25,0.23774414863386278
235,2.3,0.2372363818005558
235,2.35,0.23513467273085878
235,2.4,0.23324456093082319
235,2.45,0.23212938362311125
235,2.5,0.23159836306435283
235,2.55,0.2291245695216299
235,2.6,0.22803805465104557
235,2.65,0.22509662580820006
235,2.7,0.22790346569153422
235,2.75,0.22428435164114918
235,2.8,0.22276679733562002
235,2.85,0.22198206519578756
235,2.9,0.2207349341045537
235,2.95,0.21993673221097532
240,0.0,0.423394409903728
240,0.05,0.4192955741903548
240,0.1,0.4172241900111686
240,0.15,0.4159850886486222
240,0.2,0.4136539039482527
240,0.25,0.410899661368726
240,0.3,0.4095975990587205
240,0.35,0.4050910574949757
240,0.4,0.40466056203834383
240,0.45,0.3954538855289349
240,0.5,0.39368182911557154
240,0.55,0.3891652234377451
240,0.6,0.38315210634713504
240,0.65,0.3773327738583177
240,0.7,0.3726837454536124
240,0.75,0.36683583121633684
240,0.8,0.36104744758693536
240,0.85,0.35363537452319005
240,0.9,0.34664259923051427
240,0.95,0.33952621203220473
240,1.0,0.3336173411033357
240,1.05,0.3260968227034713
240,1.1,0.3189501003757026
240,1.15,0.31367300671903564
240,1.2,0.30856548023496394
240,1.25,0.3012978478319978
240,1.3,0.2951964054082506
240,1.35,0.29199312672663563
240,1.4,0.28683617889007645
240,1.45,0.28132576266382736
240,1.5,0.278797614246787
240,1.55,0.2725974682285791
240,1.6,0.2699767511708064
240,1.65,0.2658931679452266
240,1.7,0.2640275671288883
240,1.75,0.2597694556221744
240,1.8,0.2585169508675908
240,1.85,0.25486116176154766
240,1.9,0.25217993539721045
240,1.95,0.24968689749036294
240,2.0,0.24812044107580805
240,2.05,0.24559533964214156
240,2.1,0.24258102997117595
240,2.15,0.2406717658499494
240,2.2,0.2413603031949327
240,2.25,0.2369693628504493
240,2.3,0.23570679837834146
240,2.35,0.2334347843224844
240,2.4,0.23278737973089644
240,2.45,0.23135316538213171
240,2.5,0.23107865671793437
240,2.55,0.2288521406521596
240,2.6,0.22674521707408088
240,2.65,0.22652752163460113
240,2.7,0.22675404522225964
240,2.75,0.22317954770239584
240,2.8,0.22295437005018584
240,2.85,0.2197377406987054
240,2.9,0.2188317390807708
240,2.95,0.21837781836782308
245,0.0,0.4187596693236516
245,0.05,0.4163194696183216
245,0.1,0.41397599488117803
245,0.15,0.41300085790020324
245,0.2,0.41168669617755016
245,0.25,0.40931329106975417
245,0.3,0.40563888196974407
245,0.35,0.4020361265604682
245,0.4,0.40056120952302887
245,0.45,0.3937213506936633
245,0.5,0.39174267229638493
245,0.55,0.3864747081804798
245,0.6,0.381129028089431
245,0.65,0.37428062065278533
245,0.7,0.3695096619259172
245,0.75,0.3628645570753915
245,0.8,0.35702306434795555
245,0.85,0.3494591743927469
245,0.9,0.34234516266709786
245,0.95,0.3352274073327388
245,1.0,0.33004799545133995
245,1.05,0.32226276388519387
245,1.1,0.3148052032109124
245,1.15,0.30942886052938307
245,1.2,0.30382358174427954
245,1.25,0.2984865577682373
245,1.3,0.29216733782074444
245,1.35,0.287120915744152
245,1.4,0.2833450311009463
245,1.45,0.2781701493239606
245,1.5,0.27507908746005094
245,1.55,0.2706242150651246
245,1.6,0.2675383715063727
245,1.65,0.2639623866413192
245,1.7,0.26201757518784874
245,1.75,0.2571948712315934
245,1.8,0.254940651565487
245,1.85,0.25165667340647946
245,1.9,0.24856287779224193
245,1.95,0.24739841226617146
245,2.0,0.2463739719292388
245,2.05,0.24353672430240517
245,2.1,0.23903870137058855
245,2.15,0.23856446230155262
245,2.2,0.23837655913675615
245,2.25,0.23495415804637107
245,2.3,0.23364816215765113
245,2.35,0.23309601126981702
245,2.4,0.23037709671859968
245,2.45,0.22898529346998814
245,2.5,0.22852435920379952
245,2.55,0.226136840656101
245,2.6,0.22492265061413116
245,2.65,0.2235515248249065
245,2.7,0.22517252595824733
245,2.75,0.22142471560226465
245,2.8,0.2209213124396935
245,2.85,0.21982975748412859
245,2.9,0.21895584193606132
245,2.95,0.21650434523873896
250,0.0,0.4158672067925422
250,0.05,0.4133832045704425
250,0.1,0.4123519646929702
250,0.15,0.40978498231768395
250,0.2,0.4090104935202156
250,0.25,0.40561569114863955
250,0.3,0.4024007733417752
250,0.35,0.3991730372837253
250,0.4,0.3968462257902286
250,0.45,0.39139778003096837
250,0.5,0.3873276980150077
250,0.55,0.3822064601160696
250,0.6,0.3774542489611847
250,0.65,0.36937998062630556
250,0.7,0.36471245613131936
250,0.75,0.3586876862888186
250,0.8,0.35251204667088853
250,0.85,0.3456933672245319
250,0.9,0.33770040883367686
250,0.95,0.3318940384777097
250,1.0,0.325154668143056
250,1.05,0.31810266597457443
250,1.1,0.3117414399035641
250,1.15,0.3057070062007275
250,1.2,0.3003420299158668
250,1.25,0.2936420528948665
250,1.3,0.2892506572887442
250,1.35,0.2837750318724117
250,1.4,0.2785610975426054
250,1.45,0.27527788598822983
250,1.5,0.2714579477286052
250,1.55,0.26663533874008005
250,1.6,0.2635113793182104
250,1.65,0.2617029703560084
250,1.7,0.258054342572887
250,1.75,0.2551141204785365
250,1.8,0.2516712616181293
250,1.85,0.2490394353324434
250,1.9,0.24697720655748082
250,1.95,0.24379809346891776
250,2.0,0.2427480676526721
250,2.05,0.2402706927733784
250,2.1,0.2380389439071086
250,2.15,0.23536946966457895
250,2.2,0.23476074272408645
250,2.25,0.23183348022448205
250,2.3,0.23048120246616638
250,2.35,0.2288905740292926
250,2.4,0.22670875771830204
250,2.45,0.2262623202202467
250,2.5,0.22495951495095343
250,2.55,0.2233554334580656
250,2.6,0.22166673428962463
250,2.65,0.2213256483421709
250,2.7,0.22291052107917642
250,2.75,0.21855578793823247
250,2.8,0.21864137956705074
250,2.85,0.21695782670156785
250,2.9,0.21573023002500402
250,2.95,0.21314858278406437
255,0.0,0.4142370541456965
255,0.05,0.411352046485783
255,0.1,0.4099093117396459
255,0.15,0.4072830231376429
255,0.2,0.40531900439442586
255,0.25,0.4042020384256008
255,0.3,0.39986959421527013
255,0.35,0.3970409403793674
255,0.4,0.3946701601358775
255,0.45,0.38835437833675174
255,0.5,0.384311028982553
255,0.55,0.379551740269189
255,0.6,0.37306308193037657
255,0.65,0.36915570342897724
255,0.7,0.36275079562753587
255,0.75,0.3560649206641046
255,0.8,0.3495812047129254
255,0.85,0.3418591347516906
255,0.9,0.3358825342247163
255,0.95,0.3284630627826541
255,1.0,0.32280186696063734
255,1.05,0.31562377716565926
255,1.1,0.30903922016709046
255,1.15,0.3034882155276854
255,1.2,0.2968891815844256
255,1.25,0.29130622488854996
255,1.3,0.28623074725419795
255,1.35,0.281614757571892
255,1.4,0.276375518811702
255,1.45,0.27300539040839455
255,1.5,0.2694166278012479
255,1.55,0.2653034397615671
255,1.6,0.2617674435800746
255,1.65,0.25890650357094647
255,1.7,0.25599095078652495
255,1.75,0.25260760574625074
255,1.8,0.25071099600281727
255,1.85,0.2473951076969619
255,1.9,0.24469081098741916
255,1.95,0.24281887048619955
255,2.0,0.24135102654326726
255,2.05,0.23939510611537537
255,2.1,0.23621129296035642
255,2.15,0.2347365560890171
255,2.2,0.2338425156678332
255,2.25,0.23118841550782268
255,2.3,0.22993063060484184
255,2.35,0.22725849695619837
255,2.4,0.2274638439584074
255,2.45,0.22471536679206847
255,2.5,0.2249715051406223
255,2.55,0.22277241363455016
255,2.6,0.22096990091668148
255,2.65,0.22016449025772275
255,2.7,0.22105782898814694
255,2.75,0.2173640194898751
255,2.8,0.2170887363591527
255,2.85,0.2149185616328887
255,2.9,0.21494466025752637
255,2.95,0.21229147190565312
260,0.0,0.4127204578560149
260,0.05,0.40900769065096304
260,0.1,0.40855405146733037
260,0.15,0.40562698542507264
260,0.2,0.40395851050188897
260,0.25,0.4021150790585974
260,0.3,0.3972380023222261
260,0.35,0.39523609388056363
260,0.4,0.3927808233920704
260,0.45,0.3872760544377653
260,0.5,0.38183266164483554
260,0.55,0.3763226773460716
260,0.6,0.37202368521699725
260,0.65,0.36615076383994677
260,0.7,0.35806699621493604
260,0.75,0.35365041440008277
260,0.8,0.34590619154690355
260,0.85,0.33989447161950176
260,0.9,0.33268385133442735
260,0.95,0.32604898171543156
260,1.0,0.32122496614222895
260,1.05,0.31268734602124154
260,1.1,0.30598110069453616
260,1.15,0.3017076394413371
260,1.2,0.29484778865385664
260,1.25,0.2900252737264926
260,1.3,0.28347813365698726
260,1.35,0.27930966957458414
260,1.4,0.2743194752063513
260,1.45,0.27115920839084795
260,1.5,0.26720019624053626
260,1.55,0.2633583701711906
260,1.6,0.2596452178149617
260,1.65,0.25782944917968414
260,1.7,0.2545516995485753
260,1.75,0.25107437133870014
260,1.8,0.24881551503378407
260,1.85,0.24462340776522207
260,1.9,0.24358854237989108
260,1.95,0.24115693983352798
260,2.0,0.2402343730096381
260,2.05,0.23700879890277265
260,2.1,0.23502102785080384
260,2.15,0.2329521646473731
260,2.2,0.23229616452315374
260,2.25,0.23071262994022254
260,2.3,0.22784960112127553
260,2.35,0.2268903014368291
260,2.4,0.22509163893249456
260,2.45,0.22397449340182327
260,2.5,0.2241293962965054
260,2.55,0.2215479741157291
260,2.6,0.21934256770298996
260,2.65,0.21855986637758087
260,2.7,0.22084149429374778
260,2.75,0.21642996600466352
260,2.8,0.21682376796149247
260,2.85,0.21456902880493053
260,2.9,0.21273486039104586
260,2.95,0.21169228772128787
265,0.0,0.4114235746141953
265,0.05,0.4088031953207122
265,0.1,0.40763549044473135
265,0.15,0.4046062548483126
265,0.2,0.40317565758401536
265,0.25,0.4001394391247957
265,0.3,0.3975419509671278
265,0.35,0.3940238445630064
265,0.4,0.391742889225778
265,0.45,0.38507347568149414
265,0.5,0.381330911657238
265,0.55,0.37556340996308357
265,0.6,0.3694200509887997
265,0.65,0.36443295952762267
265,0.7,0.35751999171669185
265,0.75,0.3511632980785048
265,0.8,0.3454817676117372
265,0.85,0.3385118350300033
265,0.9,0.3307969224413566
265,0.95,0.3240289654715896
265,1.0,0.31799862597920586
265,1.05,0.31058023931126544
265,1.1,0.3047668115238998
265,1.15,0.2995153238188432
265,1.2,0.29348433344236924
265,1.25,0.2869047399252942
265,1.3,0.2828234696288604
265,1.35,0.27866609185634295
265,1.4,0.2742898084809581
265,1.45,0.27007825889672726
265,1.5,0.26705250627811405
265,1.55,0.26246069744167055
265,1.6,0.2600100014601046
265,1.65,0.2559094256742059
265,1.7,0.2538928947148942
265,1.75,0.24942057139523138
265,1.8,0.24862375980730697
265,1.85,0.24461356179394342
265,1.9,0.24325707502550564
265,1.95,0.2408132586227098
265,2.0,0.23857433021412808
265,2.05,0.2369297678909786
265,2.1,0.2339061590065831
265,2.15,0.23187568633332378
265,2.2,0.23214382400228106
265,2.25,0.23003866867086728
265,2.3,0.22807629081062936
265,2.35,0.2273580058353654
265,2.4,0.22510205737740943
265,2.45,0.2232263165689445
265,2.5,0.2242066809426466
265,2.55,0.2202092173301489
265,2.6,0.2194519366567624
265,2.65,0.21854301138220175
265,2.7,0.22193508079967983
265,2.75,0.21680207511114194
265,2.8,0.21568657388742304
265,2.85,0.2135956489400196
265,2.9,0.2119894566965288
265,2.95,0.21150252254794163
270,0.0,0.40825615354177675
270,0.05,0.4035032393716787
270,0.1,0.4017711035735228
270,0.15,0.3993315059170662
270,0.2,0.3983172306772546
270,0.25,0.394681868665105
270,0.3,0.39154775181623186
270,0.35,0.38803736813828993
270,0.4,0.3859758563337623
270,0.45,0.37969890148495083
270,0.5,0.37605875638486197
270,0.55,0.36949654285506345
270,0.6,0.36520897015050585
270,0.65,0.3585491532537501
270,0.7,0.35107022179001407
270,0.75,0.34584771752015214
270,0.8,0.3395975038137025
270,0.85,0.33121066749108863
270,0.9,0.32464512459408573
270,0.95,0.3171715572713151
270,1.0,0.3118101029678381
270,1.05,0.3057458900544518
270,1.1,0.2992524348044676
270,1.15,0.2928574291842581
270,1.2,0.2886417989460283
270,1.25,0.28182257210969774
270,1.3,0.276673773403633
270,1.35,0.272882305238931
270,1.4,0.26918205980170967
270,1.45,0.2637893302395501
270,1.5,0.26059107334945486
270,1.55,0.25692416053932327
270,1.6,0.2536483377673515
270,1.65,0.25108738771796896
270,1.7,0.2493600640101327
270,1.75,0.24472780411879
270,1.8,0.2422509919193002
270,1.85,0.2400257908060453
270,1.9,0.2382778962000823
270,1.95,0.2345680096938611
270,2.0,0.23385598123252738
270,2.05,0.2315681061150928
270,2.1,0.22990967941842633
270,2.15,0.2286841174964392
270,2.2,0.2263451998684444
270,2.25,0.2249852322453929
270,2.3,0.22297128688942508
270,2.35,0.22144186431327986
270,2.4,0.2199340801117836
270,2.45,0.21846619474716006
270,2.5,0.21843845524276986
270,2.55,0.21636491071166683
270,2.6,0.21519302930655884
270,2.65,0.21372367556970082
270,2.7,0.2165969982645693
270,2.75,0.21242069759845542
270,2.8,0.21173769093283987
270,2.85,0.2097708033590345
270,2.9,0.20968943129805684
270,2.95,0.20691156092245602
275,0.0,0.4063635372718974
275,0.05,0.40351908749463783
275,0.1,0.4014961602734876
275,0.15,0.39962920403524477
275,0.2,0.397460612961911
275,0.25,0.39491819884003093
275,0.3,0.3914816421920637
275,0.35,0.38827581226046537
275,0.4,0.38656752694453944
275,0.45,0.3787366146471366
275,0.5,0.3750352347373084
275,0.55,0.36951072096039334
275,0.6,0.36357896514284554
275,0.65,0.3581076804491024
275,0.7,0.3517515280583245
275,0.75,0.34558002127775694
275,0.8,0.33922743020796414
275,0.85,0.3315208207829894
275,0.9,0.3242602880181882
275,0.95,0.317618800148061
275,1.0,0.3135811186349437
275,1.05,0.30496206364584216
275,1.1,0.2982796187173186
275,1.15,0.2923299749023306
275,1.2,0.28671375469527327
275,1.25,0.28263246478868703
275,1.3,0.27757219935193606
275,1.35,0.2737433355126892
275,1.4,0.2695098126391181
275,1.45,0.265134750404107
275,1.5,0.2609587011841948
275,1.55,0.2577625969715464
275,1.6,0.25395558153395187
275,1.65,0.2525907752391269
275,1.7,0.2502782208190117
275,1.75,0.245727419158668
275,1.8,0.2447411008906568
275,1.85,0.24076011641629766
275,1.9,0.23876790167863318
275,1.95,0.23556292798430833
275,2.0,0.23475455519976357
275,2.05,0.23293425227427647
275,2.1,0.23003082171692382
275,2.15,0.2285800307246641
275,2.2,0.2282443899773403
275,2.25,0.224849081645991
275,2.3,0.22384782990179217
275,2.35,0.22374229512249724
275,2.4,0.2215210614191294
275,2.45,0.21944797567260282
275,2.5,0.21971115665656585
275,2.55,0.2173647876326272
275,2.6,0.2160554230498275
275,2.65,0.214839900739221
275,2.7,0.21689906587317356
275,2.75,0.21210289734553944
275,2.8,0.21352247776845065
275,2.85,0.2115481080761575
275,2.9,0.21083519576168874
275,2.95,0.20914518987596023
280,0.0,0.4021642647597593
280,0.05,0.39926572880445704
280,0.1,0.39746429001697386
280,0.15,0.3951701092890133
280,0.2,0.39351960216132825
280,0.25,0.39275628542905877
280,0.3,0.3878033244915717
280,0.35,0.3838850468189086
280,0.4,0.3817840838301942
280,0.45,0.37557434100155224
280,0.5,0.37113480680507965
280,0.55,0.36522889173593026
280,0.6,0.3606107360260567
280,0.65,0.35324850876468156
280,0.7,0.3461329169046462
280,0.75,0.3413208845889718
280,0.8,0.33419728345790045
280,0.85,0.32644880335838683
280,0.9,0.3202285297374357
280,0.95,0.31416050965739073
280,1.0,0.3081522216114691
280,1.05,0.300898475257028
280,1.1,0.29449482266341526
280,1.15,0.28929952560401706
280,1.2,0.2836418918806874
280,1.25,0.2790629704797733
280,1.3,0.27334499633962056
280,1.35,0.26941006073564794
280,1.4,0.26464281588355715
280,1.45,0.2620994737209264
280,1.5,0.2589100769769993
280,1.55,0.2550604256082469
280,1.6,0.25199040138988754
280,1.65,0.2485907930540364
280,1.7,0.24733911353453034
280,1.75,0.24244553348364056
280,1.8,0.24143826552295028
280,1.85,0.23792526574258366
280,1.9,0.23615348035517642
280,1.95,0.23214714363528058
280,2.0,0.23227581436070288
280,2.05,0.2304395030339761
280,2.1,0.22721891301819475
280,2.15,0.22680215225140538
280,2.2,0.22581041834516555
280,2.25,0.22284415271981844
280,2.3,0.22131457989950779
280,2.35,0.22015104212634423
280,2.4,0.21888781921477926
280,2.45,0.21775326832205386
280,2.5,0.21792578661045844
280,2.55,0.21519708747179736
280,2.6,0.2135389248742496
280,2.65,0.21254575434078665
280,2.7,0.21568119496005242
280,2.75,0.21127061342485015
280,2.8,0.21102062907088456
280,2.85,0.2096112801063367
280,2.9,0.20878892061054755
280,2.95,0.20689727999520047
285,0.0,0.4027915702313446
285,0.05,0.39974567408604905
285,0.1,0.39758528676797267
285,0.15,0.39615656924132053
285,0.2,0.39386048790830636
285,0.25,0.39110825738569666
285,0.3,0.3866765175232774
285,0.35,0.3826813041722765
285,0.4,0.3805767696404359
285,0.45,0.37494973219879163
285,0.5,0.3700688238881805
285,0.55,0.3649593040501112
285,0.6,0.35954012314255257
285,0.65,0.3524398184202183
285,0.7,0.3464889152916609
285,0.75,0.3397898716012738
285,0.8,0.33287050515900923
285,0.85,0.32601098810779866
285,0.9,0.3184313754666072
285,0.95,0.3123007628865019
285,1.0,0.30666320507528494
285,1.05,0.30042521650383514
285,1.1,0.2931959950788947
285,1.15,0.2892031574146822
285,1.2,0.2842853888095979
285,1.25,0.27884002381780654
285,1.3,0.2735503331325483
285,1.35,0.2692743269513183
285,1.4,0.2648776054593784
285,1.45,0.2616704648950434
285,1.5,0.25816376636391997
285,1.55,0.2548217302382657
285,1.6,0.2513131877569684
285,1.65,0.24788220100446864
285,1.7,0.246501567875251
285,1.75,0.24228816366482628
285,1.8,0.2407171253892523
285,1.85,0.2387547647522699
285,1.9,0.2352562125490453
285,1.95,0.23462917240209483
285,2.0,0.23317771098177836
285,2.05,0.2300122104170845
285,2.1,0.22753101816060348
285,2.15,0.2255636412163291
285,2.2,0.22543419948945684
285,2.25,0.22289943344833746
285,2.3,0.22188549704699992
285,2.35,0.2204807360091597
285,2.4,0.21931530250234652
285,2.45,0.2180696883611805
285,2.5,0.21846410266683167
285,2.55,0.21557642910490113
285,2.6,0.21462402999348315
285,2.65,0.21389161841388096
285,2.7,0.2162725909278716
285,2.75,0.2118313986246896
285,2.8,0.2117943507492768
285,2.85,0.2102241041947027
285,2.9,0.20999541738807434
285,2.95,0.20730884515897116
290,0.0,0.3991757685861184
290,0.05,0.3960685777034779
290,0.1,0.39438670495458256
290,0.15,0.39379867566184384
290,0.2,0.3908769555155475
290,0.25,0.38725207471871703
290,0.3,0.3838939361572864
290,0.35,0.38025551925445045
290,0.4,0.3771078307346407
290,0.45,0.3720311933321277
290,0.5,0.36660368546342353
290,0.55,0.3619493714040221
290,0.6,0.3557274708224825
290,0.65,0.3489662781485306
290,0.7,0.3422382085775908
290,0.75,0.336444998237991
290,0.8,0.32957561410517655
290,0.85,0.32263252774263096
290,0.9,0.31548130841248445
290,0.95,0.31012672293137417
290,1.0,0.30424221197951024
290,1.05,0.29735380762622093
290,1.1,0.2898307337961166
290,1.15,0.28551680290009995
290,1.2,0.2801589163362412
290,1.25,0.27638913414196925
290,1.3,0.2706380638305951
290,1.35,0.26687626815904375
290,1.4,0.26246177389403796
290,1.45,0.2589020016751577
290,1.5,0.2555828040068671
290,1.55,0.25212751321433363
290,1.6,0.24814956110633699
290,1.65,0.24720013961878942
290,1.7,0.24580459438216914
290,1.75,0.2403758176891755
290,1.8,0.23940856513353356
290,1.85,0.2366954639916872
290,1.9,0.23383729283190854
290,1.95,0.231321579930657
290,2.0,0.23142879126285737
290,2.05,0.2289195363789483
290,2.1,0.2269147699817872
290,2.15,0.22519213919037
290,2.2,0.2245355619343718
290,2.25,0.22166217777923478
290,2.3,0.22080675255350388
290,2.35,0.21936362476377555
290,2.4,0.2177432796386258
290,2.45,0.21585526551988907
290,2.5,0.21632799281523316
290,2.55,0.21363161534383748
290,2.6,0.21255466654545013
290,2.65,0.21114036978281533
290,2.7,0.2152662282453441
290,2.75,0.21039180508408822
290,2.8,0.21049890504328808
290,2.85,0.20810203561908805
290,2.9,0.207372372910435
290,2.95,0.2073035992424185
295,0.0,0.39700278563897
295,0.05,0.39476790618191354
295,0.1,0.3926785908253963
295,0.15,0.39079591276335746
295,0.2,0.38731571594782455
295,0.25,0.3862606752797367
295,0.3,0.38187818736964746
295,0.35,0.37848435689576165
295,0.4,0.37568146472701847
295,0.45,0.3682203835543108
295,0.5,0.3647185057310577
295,0.55,0.3579523902868268
295,0.6,0.3523916882474007
295,0.65,0.3451968025359417
295,0.7,0.339094507908129
295,0.75,0.33335072843925057
295,0.8,0.32684544295356327
295,0.85,0.31898311458413126
295,0.9,0.3119244079272164
295,0.95,0.3053004837130377
295,1.0,0.3015342917131627
295,1.05,0.294224361373845
295,1.1,0.28635019631134906
295,1.15,0.28167065290479376
295,1.2,0.2776777297356033
295,1.25,0.2723222210099198
295,1.3,0.2680853231514794
295,1.35,0.26324679937054235
295,1.4,0.25931365571637083
295,1.45,0.255154165865137
295,1.5,0.25220714535611105
295,1.55,0.2497061191278244
295,1.6,0.24515826833843032
295,1.65,0.2428167815923014
295,1.7,0.24098920580178865
295,1.75,0.23796355283025358
295,1.8,0.23632039061684598
295,1.85,0.23247681133747264
295,1.9,0.23106716359972881
295,1.95,0.22947928730954142
295,2.0,0.2275209822224162
295,2.05,0.22568239031286616
295,2.1,0.2243493485419225
295,2.15,0.22214800874507867
295,2.2,0.22185684356530658
295,2.25,0.2184866120252916
295,2.3,0.21723853209392505
295,2.35,0.2166629248697617
295,2.4,0.2156583159352453
295,2.45,0.21429493744457187
295,2.5,0.21293808358006783
295,2.55,0.21277773535816993
295,2.6,0.20980322941291243
295,2.65,0.20874761809674272
295,2.7,0.2112163164149538
295,2.75,0.2077870104934409
295,2.8,0.20799067386220163
295,2.85,0.2068394141895761
295,2.9,0.20668915455473855
295,2.95,0.20553688577029838
